corp_code,stock_code,corp_name
00260985,036720,한빛네트
00264529,040130,엔플렉스
00358545,055000,동서정보기술
00231567,032600,애드모바일
00359614,056140,리더컴
00153551,012400,허메스홀딩스
00344746,045880,유티엑스
00261188,037830,글로포스트
00268020,030390,쏠라엔텍
00269287,041320,보홍
00475286,078420,동북아1호선박투자회사
00250775,046350,에듀아크
00114321,013650,데코
00191108,015390,엘앤씨피
00167378,019640,희훈디앤지
00225210,058690,퓨쳐인포넷
00223346,035400,쓰리디넷
00174129,024100,제일저축은행
00114826,026540,제일창업투자
00173333,016510,현대DSF
00687599,950030,네프로아이티
00256292,036790,자강
00271431,038830,케이엠에스
00154727,020070,에버리소스
00246189,037110,제이에스
00154204,007490,태창기업
00152631,017300,에이치비이에너지
00358095,056850,코어비트
00510215,082110,동북아8호선박투자회사
00347619,045760,한국통신데이타
00372013,062730,케너텍
00353735,055250,다휘
00186540,022520,코오롱아이넷
00128759,004620,캠브리지코오롱
00535588,089240,네오세미테크
00264981,045260,디에이치패션
00231521,032380,핸디소프트
00159908,009690,케이엠에이치
00259493,035710,씨엘엘씨디
00359641,114410,현대푸드시스템
00161639,012420,메리츠종합금융
00211271,034660,제넥셀세인
00388272,065340,쓰리디월드
00264796,043680,스톰이앤에프
00134909,035010,소예
00236368,048640,엠엔에프씨
00684547,103150,하이트맥주
00251385,066690,보광티에스
00262682,040740,아인스엠앤엠
00234555,038420,씨엔씨엔터프라이즈
00507257,084810,아이알디
00417963,067850,바이나믹
00543523,086720,코크렙제7호위탁관리부동산투자회사
00300566,054170,엔빅스
00299376,054010,선팩테크
00112068,001190,마이크로닉스
00257194,033720,블루스톤디앤아이
00477372,078700,신지소프트
00465410,076850,맥쿼리센트럴오피스기업구조조정부동산투자회사
00331760,048510,테스텍
00200761,030030,중앙디자인
00268297,042870,에코페트로시스템
00161301,021060,한림창업투자
00237260,036270,헤쎄나
00297970,037510,미래에셋굿라이프혼합형자녀를위한투자회사10-1
00107358,032030,일공공일안경콘택트
00267474,043630,지앤알
00134051,013240,셀런
00596066,093820,한국베트남15-1유전해외자원개발투자회사
00347363,052310,에이치원바이오
00150226,008400,씨앤중공업
00152914,001370,FnC코오롱
00158839,017010,제너비오믹스
00159281,011050,케드콤
00210537,065410,지엔텍홀딩스
00240370,044640,동부씨엔아이
00247887,051820,아이피에스
00268358,046240,에스브이에이치
00316488,060750,제이콤
00264130,043790,옥션
00540304,088020,네이쳐글로벌
00617299,094950,GB블루오션베트남주식혼합형투자회사1호
00262275,052210,엠씨티티코어
00200798,032930,에이스앤파트너스
00335924,061050,지앤디윈텍
00111591,014010,인터피온반도체
00189343,007800,솔로몬저축은행
00252588,046320,엠트론스토리지테크놀로지
00267997,031800,에스티앤아이
00299686,060670,유퍼트
00463050,074140,엑스로드
00238913,068770,선우중공업
00107446,003020,남양
00114303,015940,엘지데이콤
00318617,045820,LG파워콤
00267775,031960,동산진흥
00394574,067950,티이씨
00110176,008320,한국기술산업
00136554,017050,스타맥스
00144562,024870,유성티에스아이
00370547,058550,네오리소스
00242439,035950,케이알
00134060,000790,씨앤상선
00392600,058900,투미비티
00259855,039990,코아정보시스템
00385451,066340,케이에스리소스
00258944,047600,세계투어
00798530,122290,동양밸류오션기업인수목적
00451268,077960,케이이엔지
00336570,063280,사이버패스
00363325,079870,산양전기
00148188,032150,으뜸상호저축은행
00508566,080570,국제개발
00133928,004230,세신
00540784,084160,골든브릿지더블유엠경매부동산일호투자회사
00298252,061140,엘앤피아너스
00264556,038690,에이스일렉트로닉스
00581000,090090,디앤샵
00359094,054120,더체인지
00686970,105380,다산자기관리부동산투자회사
00255309,035500,써니트렌드
00362380,054650,뉴젠비아이티
00244862,033880,룩소네이트
00297165,042100,현대오토넷
00105767,016990,LG마이크론
00173397,001600,서광건설산업
00259606,036660,플러스프로핏
00178471,037020,한와이어리스
00331733,049690,포휴먼
00104892,023670,알이네트웍스
00647917,101790,케이알제2호개발전문위탁관리부동산투자회사
00597764,094520,미래에셋맵스오퍼튜니티베트남주식혼합형투자회사1호
00355821,088960,씨티엘테크
00329677,052650,이디디컴퍼니
00244871,032390,케이티프리텔
00246383,035830,메카포럼
00345499,048130,에스피코프
00348140,045400,이롬텍
00215107,047450,이앤텍
00560991,088810,맥스브로
00265263,037700,토자이홀딩스
00142564,013200,우방
00198572,023020,동양매직
00642648,900020,코웰이홀딩스유한공사
00537443,078670,아구스
00113173,007480,대한은박지
00441872,073130,인스프리트
00480844,079340,하이럭스
00262044,053070,트리니티
00101442,032570,카라반케이디이
00295875,045380,더존디지털웨어
00441298,080140,디보스
00263885,045290,포네이처
00475532,076090,테이크시스템즈
00130204,033190,폴켐
00128731,007050,유리이에스
00325981,047370,에프아이투어
00540021,085680,모빌탑
00362089,052970,올리브나인
00228916,030420,디패션
00114215,025970,알덱스
00109648,016160,오라바이오틱스
00261212,037320,시노펙스그린테크
00348007,059720,야호커뮤니케이션
00275808,048760,브이케이
00375579,063350,팬택앤큐리텔
00197324,025460,팬텀엔터테인먼트그룹
00339063,052560,삼성수산
00538497,084240,동북아15호선박투자회사
00225140,033260,쌈지
00101947,018890,브이오산업
00287724,041800,코디콤
00347840,052640,제네시스엔알디
00504357,080410,동북아6호선박투자회사
00269339,041450,인네트
00634959,098150,한국월드와이드아시아태평양특별자산1호투자회사
00267094,039350,헤파호프코리아
00142698,006210,휴리프
00350057,057100,하이스마텍
00721981,108070,삼성디지털이미징
00248691,037150,씨제이인터넷
00335562,056200,엠넷미디어
00369675,045710,온미디어
00265078,039040,유니텍전자
00267809,019430,위더스기술금융
00314000,037550,클라스타
00355292,052810,아시아미디어홀딩스
00386557,056010,아이스테이션
00548865,088010,동북아21호선박투자회사
00221320,036550,에이스디지텍
00124054,007830,부산저축은행
00301486,068630,에피밸리
00311298,053470,오페스
00348557,047710,액티투오
00265342,038920,에이치에스씨홀딩스
00156734,027840,한국고덴시
00208693,036850,나리지*온
00128953,014420,프로비타
00428792,069470,제로원인터랙티브
00148744,000610,제일화재해상보험
00518873,083120,동북아9호선박투자회사
00300779,051530,굿이엠지
00397766,066850,아이드림
00174305,004820,조인에너지
00320807,048140,태광이엔시
00106492,004790,렉스엘이앤지
00592583,093400,코리아퍼시픽05호선박투자회사
00275260,048460,엑큐리스
00183914,025920,우경
00481676,081220,세미텍
00104971,000470,그린손해보험
00269773,040180,대양글로벌
00334767,046720,엔하이테크
00453752,073930,제너시스템즈
00140919,015050,엘트온
00255840,036210,태산엘시디
00133034,012090,성원건설
00161028,004550,대우송도개발
00174475,018410,현대금속
00251482,034010,트라이써클
00824659,126680,아이비케이에스스마트에스엠이기업인수목적1호
00259536,037540,네스테크
00505198,080980,동북아5호선박투자회사
00679730,101990,파브코
00803504,122750,우리기업인수목적1호
00350118,054150,뉴젠아이씨티
00352295,041630,인젠
00240088,036920,지앤에스티
00560025,090540,코크렙제8호위탁관리부동산투자회사
00140380,003640,유니온스틸
00101275,001670,경남모직
00797674,121910,대우증권그린코리아기업인수목적회사
00244589,033850,지노시스템
00802028,123290,한국투자신성장1호기업인수목적회사
00371519,066060,휴먼텍코리아
00126593,071660,에스에스씨피
00220181,089480,평산
00254009,036610,지디코프
00505541,081190,아시아퍼시픽2호선박투자회사
00240398,034510,무한투자
00828309,128910,동부티에스블랙펄기업인수목적
00349468,053040,블루젬디앤씨
00808262,123300,부국퓨쳐스타즈기업인수목적
00252393,049000,예당컴퍼니
00229818,032420,터보테크
00154189,008540,케이비물산
00680161,900030,연합과기공고유한공사
00102645,012410,글로스텍
00844884,950070,중국고섬공고유한공사
00592592,093410,코리아퍼시픽06호선박투자회사
00268437,010670,나노트로닉스
00798284,121950,미래에셋제1호기업인수목적
00164195,037380,에이원마이크로
00264811,045470,에이프로테크놀로지
00676380,110310,모린스
00543231,091690,디지텍시스템스
00122436,011800,배명금속
00505189,080970,동북아4호선박투자회사
00271413,040020,사라콤
00245296,065610,폴리플러스
00480905,085990,영찬테크
00890333,149130,케이비부국제1호개발전문위탁관리부동산투자회사
00510534,081930,아시아퍼시픽8호선박투자회사
00150855,007200,진흥저축은행
00173634,009010,에듀언스
00830377,900150,성융광전투자유한공사
00224567,066300,샤인시스템
00582054,081090,씨모텍
00125929,014900,에스컴
00502793,080180,아시아퍼시픽1호선박투자회사
00505550,081200,아시아퍼시픽3호선박투자회사
00104704,025610,한국저축은행
00361035,056710,미리넷
00630111,900010,3노드디지탈그룹유한공사
00264802,038720,유일엔시스
00399773,064420,케이피케미칼
00257529,041030,이루넷
00804114,123550,대신증권그로쓰알파기업인수목적
00416706,071530,유에이블
00173324,019120,경윤하이드로에너지
00121729,004010,롯데미도파
00808226,124050,한화에스브이명장제1호기업인수목적
00162577,019260,셀텍
00812229,123910,에스비아이앤솔로몬드림기업인수목적
00351153,056810,위다스
00126885,008080,에스와이코퍼레이션
00264741,042820,어울림네트웍스
00266989,038120,에이디모터스
00260693,037240,평안물산
00267951,013780,아큐텍
00804983,123160,히든챔피언제1호기업인수목적
00502474,080030,동북아2호선박투자회사
00579379,105070,금강제강
00264857,041060,아라온테크
00375302,053000,우리금융지주
00264848,042340,대국
00251190,034600,글로웍스
00694003,900060,중국식품포장유한공사
00505170,080960,동북아3호선박투자회사
00259439,035450,지아이바이오
00207436,046430,알에스넷
00408585,072530,나이스메탈
00115038,003330,하나IB증권
00288653,042570,퓨쳐비젼
00303837,045310,이레전자산업
00330017,047420,레이더스컴퍼니
00264769,038810,포이보스
00308948,053890,미디어코프
00321222,073780,케이디세코
00361202,066200,이노블루
00450728,078610,도움
00535773,081500,엑스씨이
00152950,011020,코오롱유화
00296069,050600,세라온홀딩스
00521956,083160,현대경매부동산일호투자회사
00360540,060550,우수씨엔에스
00593519,093730,동북아31호선박투자회사
00194372,032050,후야인포넷
00154693,036900,이레아이엔씨
00106650,005330,카스코
00368791,064720,모델라인
00220552,035270,청람디지탈
00294371,041940,한텔
00353683,053170,코스모스피엘씨
00252375,071360,나노하이텍
00260903,036360,쓰리소프트
00261461,038410,트라이콤
00265218,036760,케이엔에스홀딩스
00471989,076170,지비에스
00306986,065910,피더블유제네틱스
00356644,054440,엠텍반도체
00305695,056060,세니콘
00257051,065810,유씨아이콜스
00459589,073530,코크렙제3호CR리츠
00366164,057110,아이티센네트웍스
00436728,072450,리얼티코리아제1호기업구조조정부동산투자
00136235,003990,BHK
00328854,048270,포넷
00120960,009890,맥슨텔레콤
00119733,032590,엔토리노
00119423,033330,두림티앤씨
00557067,089170,동북아27호선박투자회사
00557058,089180,동북아28호선박투자회사
00557030,089200,동북아30호선박투자회사
00557049,089190,동북아29호선박투자회사
00244330,038960,현주컴퓨터
00120100,012990,LG석유화학
00246657,058680,오브제
00130037,009790,휴닉스
00405074,066330,세이프아시아
00398534,067910,코크렙제1호기업구조조정부동산투자회사
00165200,005760,위너스인프라인
00150183,015670,AP우주통신
00268482,044370,조이토토
00363033,060660,한도하이테크
00364227,055970,에너윈
00458915,073470,유레스메리츠제1호
00386876,064900,교보메리츠퍼스트기업구조조정부동산투자회사
00543073,085450,굿앤리치부동산공경매투자회사1호
00160445,025830,한국합섬
00554468,088510,굿앤리치부동산공경매투자회사2호
00165565,016040,디에스피이엔티
00300256,037060,시큐어소프트
00138491,001830,동부일렉트로닉스
00102821,003660,고려시멘트
00377814,060410,베스트플로우
00364670,056020,쿨투
00143013,012460,우영
00263991,041310,모빌링크텔레콤
00105183,010200,극동제혁
00173254,025450,한마음상호저축은행
00101637,009220,그로웰전자
00124513,003930,부흥
00154417,009080,퍼시픽글라스
00119362,008780,아이인프라
00140353,016970,씨크롭
00170451,038400,외환신용카드
00267793,033210,삼화기연
00260639,037250,대흥멀티미디어통신
00153852,018180,텔슨정보통신
00248956,036820,비이티
00390028,063510,코오롱인터내셔널
00260888,037750,엔써커뮤니티
00275710,039000,써미트테크놀로지
00172103,027440,코리아이앤디
00263955,038050,트래픽아이티에스
00261601,035870,호성
00265254,037220,넥스텔
00255266,037730,쓰리알
00259916,035780,그로웰텔레콤
00131434,001150,서통
00271352,043690,테크메이트
00244932,036020,한아시스템
00348052,053250,엔에스아이
00367598,055810,케이티씨텔레콤
00267720,054530,신한SIT
00147949,004190,스마텔
00203458,025690,동방라이텍
00130000,008030,아이텍스필
00145534,032180,이수세라믹
00425360,070540,코크렙제2호기업구조조정부동산투자회사
00141334,002850,영풍산업
00384452,048150,모닷텔
00103583,003590,광덕물산
00162142,005890,동원증권
00236021,054080,우주통신
00106483,019930,기라정보통신
00208374,027350,텔슨전자
00309983,048540,하이콤정보통신
00277727,037500,미래에셋굿라이프혼합형자녀를위한펀드5-1
00136217,006150,한메엔에스
00229827,038980,이지클럽
00247902,037010,넷컴스토리지
00318477,046000,모디아
00246815,037650,성진산업
00260921,038100,아이엠아이티
00247762,036880,맥시스템
00350224,056500,슈마일렉트론
00101992,006750,센추리
00151614,009360,베네데스하이텍
00179832,032610,에스오케이
00241120,036910,세원텔레콤
00277985,036060,한강구조조정기금
00325918,036590,케이엔티
00110981,009940,대아리드선
00104467,031150,국민은행
00257361,047610,월드텔레콤
00358730,054370,업필
00248406,045920,화림모드
00110963,000380,대아건설
00267021,042960,창민테크
00330406,049370,씨제이엔터테인먼트
00110079,027700,대백쇼핑
00141440,036600,지니웍스
00135670,001580,신광기업
00144933,023420,유진종합개발
00371139,066480,휘튼
00218654,031970,엠바이엔
00115852,002950,두산건설
00113696,001980,대호
00253514,037120,한신코퍼레이션
00105509,010730,금강화섬
00163178,001280,우리증권
00264185,039580,피코소프트
00265157,035960,바이오시스
00270405,039390,윌텍정보통신
00125406,002930,삼도물산
00258731,035910,현대멀티캡
00822572,144630,씨아이에스
00580603,090970,코리아퍼시픽01호선박투자회사
00580612,090980,코리아퍼시픽02호선박투자회사
00317830,086830,신양오라컴디스플레이
00311030,037620,미래에셋증권
00439053,050640,이룸지엔지
00992312,194860,에스와이이노베이션
00580621,090990,코리아퍼시픽03호선박투자회사
00580630,091000,코리아퍼시픽04호선박투자회사
00262123,050050,유아이에너지
00533696,083610,아시아퍼시픽14호선박투자회사
00533757,083600,아시아퍼시픽13호선박투자회사
00533580,083570,아시아퍼시픽10호선박투자회사
01041217,204760,현대에이블기업인수목적1호
00533793,083580,아시아퍼시픽11호선박투자회사
00533836,083590,아시아퍼시픽12호선박투자회사
00144766,004320,호반산업
00525527,082930,실리콘화일
00372989,058370,비엔씨컴퍼니
00529523,083360,동북아11호선박투자회사
00526474,083390,동북아14호선박투자회사
00302801,074130,디아이디
00124018,025270,부산방직공업
00255071,034750,현대에이치씨엔동작방송
00364926,065270,플렉스컴
00350491,160350,웹솔루스
00450214,088700,마이스코
01022054,222520,솔트웍스
00164955,011720,현대페인트
00790501,117930,한진해운
00272412,045050,글라소울
00207542,025930,팬택자산관리
00394778,068150,케이엔씨글로벌
00446460,078780,아이디에스
00188946,017170,훈영
00137702,007190,한솔아트원제지
00418476,074150,엠제이비
00587101,092630,바다로3호선박투자회사
00351047,053810,아이팩토리
00778040,114130,거북선5호선박투자회사
00778059,114140,거북선6호선박투자회사
00126229,000830,삼성물산
00496003,082390,피엘에이
00359030,063840,닉스테크
00510914,081940,아시아퍼시픽9호선박투자회사
00697329,108890,거북선4호선박투자회사
00149664,015110,중앙건설
00318839,042950,미래에셋새천년코리아벤처펀드일호
00130897,002860,하나은행
00183260,071930,에이스하이텍
00246347,039850,태창파로스
00599230,950010,평산차업집단유한공사
00970277,179280,스탠다드펌
00122922,002530,벽산건설
00116860,016420,NH농협증권
00505569,081210,아시아퍼시픽4호선박투자회사
00160612,025850,한화화인케미칼
00659435,224090,정다운
00232317,033030,지오엠씨
00130860,031950,에듀패스
00113632,026230,아이디에이치
00837680,134000,거북선7호선박투자회사
00130815,016560,서울상호저축은행
00248123,040670,와이즈파워
00788807,121550,코크렙제15호기업구조조정부동산투자회사
00270432,043890,티브로드한빛방송
00648697,102000,거북선3호선박투자회사
00165529,013450,동성하이켐
00419989,067130,클루넷
00637114,099210,코리아퍼시픽07호선박투자회사
00361114,056340,씨유전자
00125628,158380,삼목강업
00265227,037630,에스비엠
00267669,044440,솔빛미디어
00693800,119250,에프지엔개발전문자기관리부동산투자회사
00991012,187770,판타지오
00164469,010520,현대하이스코
00586652,092970,거북선1호선박투자회사
00345657,052350,코아에스앤아이
00810531,181980,자원메디칼
00127370,026250,삼우이엠씨
00261124,038320,어울림정보기술
00244729,035210,티브로드도봉강북방송
00138127,008900,티이씨앤코
00156521,010460,화인자산관리
00120377,000420,로케트전기
00136970,014350,신일건업
00148328,001300,제일모직
00842479,139170,퓨얼셀파워
00907660,950100,아루히
00351269,053870,지티앤티
00350251,052880,모아에스앤에스
00206127,033280,어울림엘시스
00846396,138440,이코리아자기관리부동산투자회사
00144155,003600,SK
00678281,103650,에이치앤아이
00314888,051710,디에스
00653990,110500,유니드코리아
00451116,072430,아이레보
00159926,010150,포스코티엠씨
00648688,101380,거북선2호선박투자회사
00512550,082240,아시아퍼시픽5호선박투자회사
00512532,082260,아시아퍼시픽7호선박투자회사
00512541,082250,아시아퍼시픽6호선박투자회사
01047929,207930,에스케이제1호기업인수목적
01064315,215580,대우기업인수목적3호
01047567,207720,엔에이치에스엘기업인수목적
01043871,204650,케이티비기업인수목적1호
01065536,215750,미래에셋제3호기업인수목적
00636045,110570,넥솔론
00632331,189700,디피앤케이
00974459,156170,비앤에스미디어
00461690,085980,세화피앤씨
01111057,232290,에스지에이시스템즈
00823687,900130,웨이포트유한공사
00318538,232360,아스팩오일
00855145,139200,하이골드오션2호선박투자회사
01046179,206660,골든브릿지제2호기업인수목적
00110495,005620,대성합동지주
00722500,900050,중국원양자원유한공사
00533678,083620,아시아퍼시픽15호선박투자회사
01047716,208870,하나머스트3호기업인수목적
00686147,104120,신성에프에이
00686068,104110,신성이엔지
00163619,061460,한진피앤씨
00967778,192240,나이코
01038161,204440,대우기업인수목적2호
00267960,036500,에스에스컴텍
00529310,083350,동북아10호선박투자회사
01080410,219580,골든브릿지제3호기업인수목적
00413824,086200,제이앤유글로벌
01090301,222390,케이비제8호기업인수목적
01010572,256090,패션플랫폼
01075047,218710,키움제3호기업인수목적
01089828,221200,유진기업인수목적3호
01087079,219860,한화에이스기업인수목적2호
01072660,217810,엔에이치기업인수목적7호
01091391,223040,교보5호기업인수목적
01089961,221950,케이비드림투게더제3호기업인수목적
01089387,219960,유안타제2호기업인수목적
01111765,252940,에스엠로보틱스
01115257,246830,시냅스엠
01109186,230490,동부제4호기업인수목적
01095892,235090,태경피엔에스
00130949,016170,카카오엠
00202778,051170,썬코어
01090921,237720,케이엠제약
01102800,226850,키움제4호기업인수목적
00148717,008000,도레이케미칼
00959265,207230,디와이엘엔제이
00447478,095300,엔에스브이
00163789,090730,심팩메탈
00838421,130960,씨제이이앤엠
01094565,225440,이베스트기업인수목적3호
00842327,900180,완리인터내셔널홀딩스
00156044,024660,하림홀딩스
00109170,004130,대덕GDS
00207223,026260,위너지스
00454265,087220,스틸플라워
01170962,900290,GRT
00348177,052290,트레이스
01111020,232270,케이비제9호기업인수목적
01117103,235010,하이에이아이1호기업인수목적
00264644,038990,넥스콘테크놀러지
00334244,047060,덴소코리아
00535719,082220,프렉코
00790121,900090,차이나하오란리사이클링유한공사
00569992,123100,원익테라세미콘
00925453,167380,나무기술
01130937,240540,한국제4호기업인수목적
00232496,099830,씨그널엔터테인먼트그룹
01088458,272420,극동자동화
00108047,007910,세원화성
00609254,111610,세왕
01117495,251540,에스와이제이
00835734,144740,피엠디아카데미
01119217,242420,본느
00865382,140890,트러스와이제7호위탁관리부동산투자회사
00149877,015170,중앙바이오텍
00123514,030950,보진재
01139266,900260,로스웰
01018954,250300,제이에스피브이
00921475,230400,자비스
01199985,265480,미래에셋대우기업인수목적1호
00619020,135270,세종머티리얼즈
01179839,257730,신한제3호기업인수목적
01095397,229480,줌인터넷
01051339,226610,한국비엔씨
01113277,247300,인프라웨어테크놀러지
01197428,264290,한화에이스기업인수목적3호
00252755,039530,씨앤케이인터내셔널
01181940,122050,아이엘사이언스
00580180,176560,포인트엔지니어링
00473400,077280,한컴지엠디
00100717,023430,아이이
01201581,265920,한화수성기업인수목적
00200956,026180,현대정보기술
01111570,232330,에스케이제3호기업인수목적
01113781,242850,영현무역
01194759,262830,대신밸런스제4호기업인수목적
00527880,122800,썬테크놀로지스
00117638,007150,동양텔레콤
01063963,252370,유쎌
00656340,210610,소프트캠프
01194892,271400,알로이스
00222806,043580,에임하이글로벌
01234525,271740,한국제5호기업인수목적
00389679,065180,해피드림
00526465,083380,동북아13호선박투자회사
00324104,047440,디케이씨
00410678,204690,다린
00930321,159650,하이골드오션8호국제선박투자회사
00695464,900040,차이나그레이트스타인터내셔널리미티드
00123152,004740,보루네오가구
01086812,205290,케미메디
00961136,189540,씨티네트웍스
00893923,185280,이푸른
00530796,094700,미성포리테크
00671437,123260,파인넥스
00102681,004200,고려개발
01243550,276920,아이비케이에스제7호기업인수목적
00814810,251960,엠에프엠코리아
01186811,284610,티에스트릴리온
01066030,220110,드림티엔터테인먼트
00526447,083370,동북아12호선박투자회사
00435297,088980,맥쿼리인프라
00598587,108790,인터파크
01243772,277480,신한제4호기업인수목적
01107665,900250,크리스탈신소재
00351418,152330,코리아오토글라스
00843830,220250,카이노스메드
00647935,099350,하나유비에스암바토비니켈해외자원개발2호
00647883,099340,하나유비에스암바토비니켈해외자원개발1호
01277928,291210,한국제7호기업인수목적
00100258,030270,에스마크
00255141,035480,글로앤웰
01247918,279410,한화에이스기업인수목적4호
01257526,281410,한국제6호기업인수목적
00599887,099660,신텍
00601641,197210,리드
00261735,039790,위노바
00122339,036260,이매진아시아
00159290,023890,한국아트라스비엑스
00116356,005190,동성화학
01337114,329050,구스앤홈
01336391,310840,엔에이치기업인수목적13호
00609485,103130,웅진에너지
00173944,105840,우진
00786331,900080,에스앤씨엔진그룹리미티드
00146719,001590,일화모직공업
01337220,311270,키움제5호기업인수목적
00129350,001820,삼화콘덴서공업
00303217,049800,우진플라임
00389387,065160,라임
00125938,023600,삼보판지
00954242,172580,하이골드오션12호국제선박투자회사
01036446,200880,서연이화
00455112,045890,금빛
00129554,011420,갤럭시아에스엠
01068348,217500,러셀
00612115,091270,유디피
01351114,317030,케이비제17호기업인수목적
01326260,307160,하나머스트제6호기업인수목적
01236286,900310,컬러레이
00364111,086080,다이노나
01015726,213090,미래테크놀로지
00650629,101060,SBS미디어홀딩스
01169434,900300,오가닉티코스메틱
00194275,033110,코너스톤네트웍스
00207755,028150,지에스홈쇼핑
00133663,053060,세동
01137897,224880,에스지에이클라우드서비스
00132318,014620,성광벤드
01343920,313750,유안타제4호기업인수목적
01351822,317320,한화에스비아이기업인수목적
00379016,094190,이엘케이
00563147,158300,에스에이티
01371312,323940,케이비제18호기업인수목적
00267881,006910,보성파워텍
01366365,323210,이베스트이안기업인수목적1호
00105156,014530,극동유화
00116073,025340,그린기술투자
01336285,307070,에스케이에이씨피씨제4호기업인수목적
00176792,079440,오렌지라이프생명보험
00366793,080440,에스제이케이
00351630,053450,세코닉스
00867098,117730,티로보틱스
00146649,015860,일진홀딩스
00601191,299030,하나기술
00148443,002620,제일파마홀딩스
00148939,004700,조광피혁
00438036,084730,팅크웨어
01255652,281740,레이크머티리얼즈
00664181,189300,인텔리안테크
01058101,214260,라파스
01213586,332370,아이디피
00268181,039110,에스피컴텍
00552992,109820,진매트릭스
00173731,032040,씨앤에스자산관리
01141942,290740,액트로
00491336,090120,잘만테크
00447760,049950,미래컴퍼니
00118284,109860,동일금속
00442145,083930,아바코
00411446,066310,큐에스아이
01137295,335810,프리시젼바이오
00532129,060850,영림원소프트랩
01459212,382840,원준
00763473,241710,코스메카코리아
00442048,149950,아바텍
00663289,140660,위월드
00493501,073710,씨디네트웍스
00267979,007770,한일화학
00530121,109740,디에스케이
00166272,013520,화승코퍼레이션
00659815,165270,금오하이텍
00107303,033220,피엔에스커튼월
00393618,066830,제노텍
00350738,053320,제네시스디벨롭먼트홀딩스
00133715,008340,대주코레스
00946030,108490,로보티즈
00123967,015350,부산도시가스
00609324,100120,뷰웍스
00143794,005820,원림
00162780,006440,한일건설
00183215,032290,케이디지엠텍
00118965,019180,티에이치엔
00260879,042000,카페24
00861100,149010,아이케이세미콘
00362159,065950,웰크론
01303029,361570,알비더블유
01293388,322970,무진메디
01394377,334890,이지스밸류플러스리츠
00561732,159010,아스플로
00132354,192400,쿠쿠홀딩스
00218052,053740,국제엘렉트릭코리아
00595243,098400,엔스퍼트
00133238,005980,성지건설
00417167,371950,풍원정밀
00631837,065660,안트로젠
00914040,225330,씨엠에스에듀
00159254,006200,한국전자홀딩스
01395279,332710,하나금융14호기업인수목적
01414361,337450,에스케이제5호기업인수목적
01414936,340350,에스케이제6호기업인수목적
00367385,097870,효성오앤비
00632793,110020,전진바이오팜
01366824,254160,제이엠멀티
00168401,008870,금비
00142591,012250,셰프라인
01407909,336570,원텍
01390876,329560,상상인이안제2호기업인수목적
00266943,041140,넥슨지티
00493431,221610,자안바이오
01208849,267320,나인테크
01338724,950180,에스앤케이
01135640,351330,이삭엔지니어링
01187458,270210,에스알바이오텍
01046708,206640,바디텍메드
00298687,039670,스포츠서울
00688358,221840,하이즈항공
00599151,289080,SV인베스트먼트
01532603,378850,화승알앤에이
00226228,066110,한프
00872850,179440,비지스틸
00347877,052190,세영디앤씨
01067242,228180,비엘사이언스
01183407,270020,이십일스토어
01415892,348950,제이알글로벌리츠
00111458,014160,대영포장
00218575,032560,황금에스티
00991191,174900,앱클론
01350638,309900,티티씨디펜스
00134316,021820,세원정공
01116274,225860,엠앤씨생명과학
01301623,146320,비씨엔씨
01393299,330990,케이비제19호기업인수목적
00872452,176440,미래오토스
00139685,030960,양지사
00103042,009070,케이씨티시
01117592,240340,인터코스
00830447,185190,수프로
00264787,033600,럭슬
01267684,284740,쿠쿠홈시스
00975290,241840,에이스토리
00411905,182690,테라셈
01414370,340120,하이제5호기업인수목적
00905316,153360,하이골드오션3호선박투자회사
00867973,294630,서남
00828761,228670,레이
00122348,003610,방림
00170877,018120,진로발효
00963000,217320,썬테크
00866594,225850,미애부
00877819,263800,데이타솔루션
00147222,000950,전방
00145464,025820,이구산업
00109161,006890,태경케미컬
00529815,080520,오디텍
00101628,000050,경방
00363486,071280,로체시스템즈
00111865,028040,미래SCI
00823429,123690,한국화장품
00303396,054040,한국컴퓨터
00174004,002920,유성기업
00665630,151750,테라텍
00974927,160550,NEW
00123107,002760,보락
00220561,037710,광주신세계
00165343,003010,혜인
00148595,038010,제일테크노스
00258689,035900,JYP Ent.
01117422,244880,나눔테크
00101220,001390,KG케미칼
00152686,007810,코리아써키트
00162993,003300,한일홀딩스
00800145,122690,서진오토모티브
00411385,078070,유비쿼스홀딩스
00660291,109080,옵티시스
00332927,194370,제이에스코퍼레이션
00266952,042420,네오위즈홀딩스
00398792,064960,SNT모티브
00148920,004910,조광페인트
01170865,253590,네오셈
00484682,083310,엘오티베큠
01437292,357250,미래에셋맵스리츠
00136864,009270,신원
00155373,093380,풍강
00137809,001770,SHD
00111193,108380,대양전기공업
00159175,009720,한국전기초자
00490179,075130,플랜티넷
01258710,302430,이노메트리
00678096,141070,맥스로텍
00220686,058610,에스피지
00429694,177830,파버나인
00673976,114570,지스마트글로벌
00857727,136480,하림
00636656,099430,바이오플러스
00476036,083500,에프엔에스테크
00146269,003200,일신방직
00155382,065940,바이오빌
00671978,204020,그리티
00130091,007540,샘표
00138729,002310,아세아제지
00369170,051370,인터플렉스
00530556,122640,예스티
00153126,005740,크라운해태홀딩스
00128661,031330,에스에이엠티
00641171,100030,인지소프트
00223434,036810,에프에스티
00864338,196700,웹스
01169267,252500,세화피앤씨
00325112,053610,프로텍
00925295,173940,에프엔씨엔터
01065785,229500,노브메타파마
00496225,087730,이엠네트웍스
00250997,120240,대정화금
00860332,138040,메리츠금융지주
00138297,011810,STX
00807379,243840,신흥에스이씨
01264234,311060,엘에이티
00105952,006260,LS
00378628,060720,KH바텍
00897752,278280,천보
00160621,003350,한국화장품제조
00363246,046940,우원개발
00539274,084690,대상홀딩스
00145473,044960,이글벳
01180118,417310,코람코더원리츠
00575106,376290,씨유테크
01397772,365270,큐라클
01440481,351340,아이비케이에스제13호기업인수목적
01441611,376980,원티드랩
00533508,094970,제이엠티
00405320,069080,웹젠
00203023,025320,시노펙스
00609661,204610,티쓰리
00216498,037350,성도이엔지
00298340,039440,에스티아이
00161444,016830,한국씨티은행
01174038,254120,자비스
00108977,006370,대구백화점
00858124,140670,알에스오토메이션
00148522,010820,퍼스텍
00335076,049480,오픈베이스
00134963,004430,송원산업
00441650,115500,케이씨에스
00127909,032280,삼일
00243757,039290,인포뱅크
00478900,093190,빅솔론
01419986,344050,신영해피투모로우제6호기업인수목적
00346966,052510,에코솔루션
01418543,342550,케이비제20호기업인수목적
00148948,001550,조비
01405390,347770,핌스
00553025,199150,데이터스트림즈
00124151,005030,부산주공
00157070,025540,한국단자공업
01014718,361390,제노코
00343127,046840,자유투어
00870861,155650,와이엠씨
01354740,365900,브이씨
00231354,037030,파워넷
01032486,241560,두산밥캣
01535150,395400,SK리츠
00407285,059100,아이컴포넌트
00239596,037760,쎄니트
00133089,015200,성원
01504804,367460,유안타제7호기업인수목적
00577335,129920,대성하이텍
00153755,004100,태양금속공업
00132804,004980,성신양회
01222432,306040,에스제이그룹
01437186,365550,ESR켄달스퀘어리츠
00174208,036890,진성티이씨
00659976,265560,영화테크
01160512,900270,헝셩그룹
01020269,434190,탈로스
00785475,131390,원익피앤이
00143262,010400,우진아이엔에스
00114093,004830,덕성
00181299,089980,상아프론테크
01364747,399720,가온칩스
00347442,051810,모보
00654272,171010,램테크놀러지
00990165,183190,아세아시멘트
00809517,226350,아이엠텍
00327819,171090,선익시스템
00257732,101680,한국정밀기계
00176516,036190,금화피에스시
00126371,009150,삼성전기
01686755,441270,파인엠텍
00593032,093050,LF
00133511,004060,SG세계물산
00414601,077500,유니퀘스트
00416654,072130,유엔젤
00102140,009140,경인전자
00171867,042110,에스씨디
00287788,040420,정상제이엘에스
01047840,207760,미스터블루
00587457,094480,갤럭시아머니트리
00124276,008470,부스타
00155151,043370,피에이치에이
00143527,012320,경동인베스트
00611286,191600,블루탑
00138446,013990,아가방컴퍼니
00269612,047310,파워로직스
00350482,045300,성우테크론
00256715,043650,국순당
00127936,002290,삼일기업공사
00154055,001420,태원물산
00447928,085910,네오티스
00144164,018670,SK가스
00159564,025890,한국주강
00759294,122990,와이솔
00112165,092200,디아이씨
00445799,093920,서원인텍
01478712,353200,대덕전자
00143314,015260,에이엔피
00138701,002030,아세아
00364306,081580,성우전자
00244783,052600,한네트
01396931,337840,유엑스엔
00152783,049430,코메론
00167280,007630,폴루스바이오팜
00105299,014280,금강공업
00623661,104830,원익머트리얼즈
00159102,005830,DB손해보험
01076550,221670,주노콜렉션
00122898,007210,벽산
01101041,225590,패션플랫폼
00365758,052860,아이앤씨
00808022,140410,메지온
00626710,096300,한국월드와이드베트남부동산개발특별자산1호투자회사
00939331,161890,한국콜마
00296005,046970,우리로
01077577,215360,우리산업
00231372,032350,롯데관광개발
00221728,066130,하츠
00761952,123860,아나패스
00129271,009470,삼화전기
00164812,011760,현대코퍼레이션
00188797,119500,포메탈
01416457,341160,하나금융15호기업인수목적
01069736,256150,한독크린텍
01070857,217600,켐온
00540340,290510,코리아센터
01116380,245450,씨앤에스링크
00374020,063760,이엘피
01139965,408900,스튜디오미르
00188089,020000,한섬
00106368,011780,금호석유화학
00264228,038620,위즈코프
00149026,000590,CS홀딩스
00256380,049520,유아이엘
00167004,024060,흥구석유
01199189,264850,이랜시스
00302120,054340,피앤텔
00112721,140520,대창스틸
00123781,026940,부국철강
00604815,121890,에스디시스템
00155498,001310,풍림산업
01291317,393890,더블유씨피
00154718,082920,비츠로셀
00350020,049120,파인디앤씨
00117382,004510,디와이홀딩스
00125646,018310,삼목에스폼
00131692,008490,서흥
00422284,072870,메가스터디
00107677,002070,비비안
00234227,056080,유진로봇
00249982,035610,솔본
00110608,155660,DSR
01059605,210540,디와이파워
00131328,016140,두함지개발
00540429,090710,휴림로봇
00398808,068930,디지털대성
00124577,008120,엠소닉
01344752,327970,케어룸의료산업
00252001,058480,해원에스티
00265005,057540,옴니시스템
00626011,119830,아이텍
00348034,052790,액토즈소프트
00832700,207490,에이펙스인텍
00761059,251970,펌텍코리아
00622787,377740,바이오노트
00136402,006880,신송홀딩스
01436336,349720,이베스트기업인수목적5호
00133335,000180,성창기업지주
00123648,005350,심팩인더스트리
00131054,001200,유진증권
00185356,033100,제룡전기
00112679,015230,대창단조
01113949,195440,퓨전
00359076,064480,브리지텍
00439965,121600,나노신소재
01487446,359090,씨엔알리서치
00160205,010040,한국내화
00576789,113810,디젠스
00360674,056360,코위버
00133557,024940,PN풍년
00129280,011230,삼화전자공업
00141608,014940,오리엔탈정공
00130046,009280,다함이텍
00404288,059120,아진엑스텍
00135467,049830,승일
00260383,006650,대한유화
01301252,425040,티이엠씨
00579971,094360,칩스앤미디어
00364847,067920,이글루
00883980,143160,아이디스
00604426,119610,인터로조
00491053,086060,진바이오텍
01102095,225650,쿠첸
00359580,054800,아이디스홀딩스
00145109,000100,유한양행
00201131,032080,아즈텍WB
00925189,187270,신화콘텍
00132628,014910,성문전자
01119651,276240,엘리비젼
00866062,170920,엘티씨
00305297,052330,코텍
00413523,053690,한미글로벌
00185222,045520,크린앤사이언스
01115044,251280,안지오랩
00142883,017370,우신시스템
01188749,299480,지앤이헬스케어
00161781,025980,아난티
00612188,098660,에스티오
01505186,365590,하이딥
00137012,103230,에스앤더블류
00118275,003160,디아이
00235183,044780,에이치케이
00807397,121850,코이즈
00352718,053110,소리바다
00133876,011560,세보엠이씨
00500254,078930,GS
00113359,030610,교보증권
00347062,052260,현대바이오랜드
00264732,038950,파인디지털
00879020,142210,유니트론텍
00295547,043360,디지아이
00186717,053620,태양
00177816,078600,대주전자재료
00351807,048910,대원미디어
00669450,199290,바이오프로테크
01326224,307280,원바이오젠
00109587,004780,대륙제관
00161976,016450,한세예스24홀딩스
00447502,086040,바이오톡스텍
00261009,036620,감성코퍼레이션
01583953,413300,티엘엔지니어링
00555740,110660,툴코리아
00188715,053660,현진소재
00435312,071090,하이스틸
00916826,223250,드림씨아이에스
01187494,261200,덴티스
01388631,329020,오션스톤
00246417,039030,이오테크닉스
00555874,089590,제주항공
00406727,067770,세진티에스
00120021,003550,LG
00201788,065620,제낙스
00447982,074000,에스지피엠
00432102,071050,한국금융지주
00231664,041190,우리기술투자
00115065,023450,동남합성
00921916,357550,석경에이티
00162832,024740,한일단조
00266934,043200,파루
00369657,058470,리노공업
00563518,126340,비나텍
00170558,021240,코웨이
00360577,054940,엑사이엔씨
00238153,037070,파세코
01576102,396690,미래에셋글로벌리츠
01062867,214680,디알텍
00806972,127160,매직마이크로
00359623,072470,우리산업홀딩스
00240857,038460,바이오스마트
00306162,038540,상상인
00138260,009160,SIMPAC
00485177,094820,일진파워
00261355,038390,레드캡투어
00164724,017800,현대엘리베이터
00423177,054450,텔레칩스
01418260,354230,폭스소프트
00231442,033130,디지틀조선
01013311,214180,헥토이노베이션
01035368,425420,티에프이
00961570,290520,신도기연
00148364,003380,하림지주
01428249,347140,케이프이에스제4호기업인수목적
00923899,158310,참존글로벌
00997812,183300,코미코
00695969,094170,동운아나텍
00139764,011090,에넥스
00334624,038160,팍스넷
00128926,017480,삼현철강
00612489,214430,아이쓰리시스템
00140052,003800,에이스침대
00367455,092300,현우산업
00673301,120780,전우정밀
01345724,318660,타임기술
00165361,036840,휴코드홀딩스
00105606,214330,금호에이치티
01142075,163730,핑거
00201742,048430,유라테크
00133812,004360,세방
00666064,108860,셀바스AI
00608839,096690,에이루트
01018802,140610,엔솔바이오사이언스
00202839,079170,한창산업
00400060,067010,이씨에스
00158112,002200,한국수출포장공업
01397620,328130,루닛
00139083,013310,아진산업
00163196,002220,한일철강
00109718,003960,사조대림
00994994,187790,나노
00201733,032540,TJ미디어
01047451,208370,셀바스헬스케어
00569646,143540,영우디에스피
00423690,068290,삼성출판사
00152260,016920,카스
00398668,065510,휴비츠
00340272,050760,에스폴리텍
00152039,001380,SG글로벌
00587466,092230,KPX홀딩스
01158553,274090,켄코아에어로스페이스
00141413,012280,영화금속
00993931,228340,동양파일
01128613,241590,화승엔터프라이즈
00102760,011160,두산건설
00796994,120030,조선선재
01514519,373340,유진기업인수목적6호
00353878,058730,다스코
00599489,140290,청광건설
00819073,216050,인크로스
01343735,348840,데이드림엔터테인먼트
01367586,417500,제이아이테크
01165739,950140,잉글우드랩
00156354,013870,지엠비코리아
00551920,092730,네오팜
01488320,378340,필에너지
01591606,405350,아이비케이에스제17호기업인수목적
00108612,017860,DS단석
01528530,377630,삼성기업인수목적4호
00149293,000010,신한은행
01676989,440200,케이비제23호기업인수목적
01305869,188260,세니젠
00561723,088280,쏘닉스
00112819,017680,데코앤에프
01447217,353070,에이치엠씨아이비제4호기업인수목적
00138279,010950,S-Oil
00160418,010100,한국무브넥스
01568875,388220,하나금융19호기업인수목적
01146220,271830,팸텍
00145552,005950,이수화학
00167031,010240,흥국
00449379,067990,도이치모터스
00116949,007340,DN오토모티브
00239514,054090,삼진엘앤디
01163050,271850,다이오진
00206084,033020,세아메탈
00302236,052960,태양3C
01328639,900340,윙입푸드
00191287,020400,대동금속
01144028,260930,씨티케이
00176914,023590,다우기술
01580178,397500,대신밸런스제11호기업인수목적
01504910,367480,유안타제8호기업인수목적
00117258,027390,한화갤러리아타임월드
00121686,033160,엠케이전자
00160232,044450,KSS해운
00409371,079950,인베니아
00525882,096240,크레버스
01516368,419120,산돌
00508344,210980,SK디앤디
00892526,263020,디케이앤디
00410997,069140,누리플랜
01305249,330730,스톤브릿지벤처스
00494218,073110,엘엠에스
00111722,006800,미래에셋증권
00244419,033430,디에스티
00536888,093640,케이알엠
00140362,005560,제이에스전선
01447244,353060,에이치엠씨아이비제5호기업인수목적
01567520,387310,대신밸런스제10호기업인수목적
00128227,009770,삼정펄프
01080252,348210,넥스틴
01416572,340440,세림B&G
00352000,049130,하우리
00670085,138690,엘아이에스
01402995,432470,케이엔에스
00158316,034310,NICE
00583424,090430,아모레퍼시픽
01535257,380440,엔에이치기업인수목적19호
01494154,389030,지니너스
01021639,405920,나라셀라
00173661,001970,에스지신성건설
00113997,020150,롯데에너지머티리얼즈
00173032,025900,동화기업
00480455,077970,STX엔진
00228350,056700,신화인터텍
00520610,101240,씨큐브
00133751,017510,세명전기
00137234,012860,모베이스전자
00255433,042510,라온시큐어
00389970,064260,다날
00812362,141020,디에스앤엘
00363592,054920,한컴위드
01116344,208850,이비테크
00106313,002990,금호건설
01309421,452160,제이엔비
00365934,089890,코세스
00828789,128820,대성산업
01112700,246250,에스엘에스바이오
00125576,033250,체시스
01203376,264450,유비쿼스
01365384,379390,이성씨엔아이
01591262,404950,디비금융제10호기업인수목적
00855163,134380,미원화학
00584362,081970,케이엑스넥스지
01023822,236340,메디젠휴먼케어
00372688,057680,티사이언티픽
01363818,330590,롯데리츠
00965512,418420,라온텍
00441304,078890,가온그룹
00619507,112290,와이씨켐
01497124,452300,캡스톤파트너스
00269852,041020,폴라리스오피스
00472890,075970,동국알앤에스
01576713,396770,엔에이치기업인수목적22호
00456218,080160,모두투어
01089855,220630,맘스터치앤컴퍼니
00127255,003720,삼영
00531917,108230,톱텍
01450105,353490,미래에셋대우기업인수목적5호
01134216,417790,트루엔
01631658,426670,대신밸런스제12호기업인수목적
00614593,137940,넥스트아이
00910947,155900,바다로19호선박투자회사
00800084,900120,씨엑스아이
01505469,367360,디비금융제9호기업인수목적
00114552,002150,도화엔지니어링
00116301,008260,NI스틸
00163318,006920,모헨즈
00121570,008420,문배철강
00142865,024070,WISCOM
00490151,091700,파트론
00138747,050860,아세아텍
00483735,076610,해성옵틱스
00359474,058420,제이웨이
00231105,033500,동성화인텍
01030503,457550,우진엔텍
01350869,316140,우리금융지주
01493535,363260,모비데이즈
00180795,023810,인팩
00646732,100250,진양홀딩스
01335578,310200,애니플러스
00564562,097520,엠씨넥스
01526949,377400,하이제6호기업인수목적
00105040,012340,뉴인텍
00152437,064820,케이프
00353762,054780,키이스트
00173999,024800,유성티엔에스
00862312,105760,포스뱅크
00356389,035200,프럼파스트
00657756,135160,무송지오씨
00418379,043910,자연과환경
01596665,409570,한국제10호기업인수목적
00309460,440290,HB인베스트먼트
00652007,241770,메카로
00757816,149940,모다
00102113,012610,경인양행
00145598,102460,이연제약
00454399,080010,이상네트웍스
01476219,355150,코스텍시스
01043853,206400,베노티앤알
00409672,084870,티비에이치글로벌
00664048,115440,우리넷
01652970,427950,하나금융23호기업인수목적
01158632,250030,진코스텍
00138057,004770,써니전자
00605328,264660,씨앤지하이테크
00372253,115960,연우
01797440,472230,SK증권제11호스팩
00468374,074600,원익QnC
00689418,111820,지유온
00260569,036200,유니셈
00159971,009440,KC그린홀딩스
01357446,370090,퓨런티어
01787072,468760,유진스팩10호
01791561,469900,하나31호스팩
00367710,111380,동인기연
00117744,000060,메리츠화재해상보험
00611912,125210,아모그린텍
00876209,208890,미래엔에듀파트너
01293953,356890,싸이버원
00692254,114840,아이패밀리에스씨
00351995,053050,지에스이
00957373,168360,펨트론
00126201,006660,삼성공조
00760999,263810,상신전자
00111014,007640,애큐온저축은행
00604028,376180,피코그램
01685251,451760,컨텍
00642897,099390,브레인즈컴퍼니
01632851,426550,아이비케이에스제19호기업인수목적
00618401,114120,크루셜텍
00533191,082800,비보존 제약
00913689,148150,세경하이테크
01080687,227610,아우딘퓨쳐스
01237434,300080,플리토
00266961,035420,NAVER
00890388,138290,지성이씨에스
00578538,130740,티피씨글로벌
01419384,343510,하나금융16호기업인수목적
00122694,002410,범양건영
00141556,039830,오로라
00405719,052460,아이크래프트
00602279,186230,그린플러스
00624749,317830,에스피시스템스
00990563,242350,피엔아이컴퍼니
01514528,366330,신한제7호기업인수목적
01264872,303530,이노뎁
00858364,138930,BNK금융지주
00161693,009240,한샘
00147994,042600,새로닉스
00230814,078590,휴림에이텍
00124780,014710,사조씨푸드
00139214,000810,삼성화재해상보험
00166500,010660,화천기계
01135941,240810,원익IPS
00173351,032750,삼진
01221947,271780,비엔에프머티리얼즈
00296324,051780,큐로홀딩스
01515864,396270,넥스트칩
01513404,372290,하나머스트7호기업인수목적
01676642,452430,사피엔반도체
00165103,005670,푸드웰
01387164,378800,샤페론
01524118,417010,나노팀
00362858,053280,예스24
00535676,089030,테크윙
00664288,245030,스페이스솔루션
00886792,162120,루켄테크놀러지스
01110058,199730,바이오인프라
00878696,326030,에스케이바이오팜
00231901,309960,LB인베스트먼트
00155735,006140,피제이전자
00181943,025530,에스제이엠홀딩스
00450339,112240,에스에프씨
00595191,093370,후성
00120216,002550,KB손해보험
00136271,011930,신성이엔지
00426828,068100,케이웨더
00149239,018470,조일알미늄
01328170,317860,노드메이슨
01365038,389020,자람테크놀로지
01231786,317770,엑스페릭스
01505450,367340,디비금융제8호기업인수목적
00612294,137400,피엔티
00264547,035600,KG이니시스
00104768,000500,가온전선
01137903,290550,디케이티
01442115,950200,소마젠
01528141,417200,LS머트리얼즈
00297961,043290,케이맥
01147487,406820,뷰티스킨
01705777,450410,엔에이치기업인수목적28호
00150165,018290,브이티
00390514,065440,이루온
00165060,013030,하이록코리아
00767460,178920,PI첨단소재
01047415,208140,정다운
01205514,456190,큐라켐
00599595,126600,BGF에코머티리얼즈
01423837,288980,모아데이타
00571298,263600,덕우전자
00152729,017900,광전자
00660459,247660,나노씨엠에스
01383229,417840,저스템
00920379,356860,티엘비
00607797,224810,엄지하우스
01187865,267810,앙츠
00231707,032850,비트컴퓨터
00360595,086280,현대글로비스
00403632,126560,현대퓨처넷
01540815,415380,스튜디오삼익
00364403,050890,쏠리드
00208444,031980,피에스케이홀딩스
00161860,003680,한성기업
01596656,408920,메쎄이상
00554024,091990,셀트리온헬스케어
00428251,069960,현대백화점
00135962,004970,신라교역
01336461,348340,뉴로메카
00378220,066410,버킷스튜디오
00447609,090460,비에이치
00106119,001570,금양
00108940,016710,대성홀딩스
01583397,400560,하나금융20호기업인수목적
01792791,469480,IBKS제24호스팩
00568188,098120,마이크로컨텍솔
00140964,009970,영원무역홀딩스
00311270,216280,원텍
01199550,322000,HD현대에너지솔루션
00543107,080580,오킨스전자
00164502,170030,현대공업
01190513,267060,명진홀딩스
01721809,453340,현대그린푸드
00106669,001430,세아베스틸지주
00156895,027360,아주IB투자
00380429,058820,CMG제약
00138695,013340,뉴아세아
00173078,009900,명신산업
00601988,402030,코난테크놀로지
00573579,090080,평화산업
00634728,092130,이크레더블
00861076,145270,케이탑리츠
00910840,192390,윈하이텍
00109781,017650,대림제지
00361266,056000,코원플레이
01055317,215050,비엔디생활건강
01344202,338220,뷰노
00776820,111770,영원무역
00599285,140070,서플러스글로벌
00550994,099190,아이센스
01566248,383310,에코프로에이치엔
00117708,012700,리드코프
01546101,451220,아이엠티
01475609,377190,디앤디플랫폼리츠
00140779,014440,영보화학
01534522,380320,삼성머스트기업인수목적5호
00105138,033540,파라텍
01187175,285770,라이프사이언스테크놀로지
00922304,136410,아셈스
00925587,348350,위드텍
00872656,282720,금양그린파워
00134565,015020,이스타코
00125822,009620,삼보산업
00228712,088910,동우팜투테이블
00140858,007530,와이엠
01781847,465320,교보15호스팩
00667373,460930,현대힘스
01186671,281310,바이오시네틱스
00136624,005800,신영와코루
01259232,285490,노바텍
00248974,293480,하나제약
00413417,073560,우리손에프앤지
00222213,039870,피케이엘
01816268,478390,KB제29호스팩
00498001,101330,모베이스
00397243,066350,티엔아이
00842585,153460,네이블
00978075,179720,머니무브
01150515,389260,대명에너지
00127954,051500,CJ프레시웨이
01442966,357430,마스턴프리미어리츠
01148909,284420,휴럼
00341916,048260,오스템임플란트
00337296,122830,원포유
00450995,317850,대모
00202060,053270,구영테크
00161116,014790,HL D&I
01251489,300120,라온피플
00838962,131370,알서포트
01011368,295310,에이치브이엠
00103121,017160,세븐코스프
00103325,002540,고제
00114765,001620,케이비아이동국실업
01190568,278470,에이피알
00625942,114810,한솔아이원스
00106508,006070,기린
00107923,001950,남한제지
00110051,036490,에스케이머티리얼즈
00264103,044770,에이엠에스
00264839,039060,아이비진
00132992,015750,성우하이텍
00153339,015890,태경산업
00365457,089790,제이티
00660121,196490,디에이테크놀로지
01284751,429270,시지트로닉스
01672114,436610,한국제11호기업인수목적
00909835,351870,차이커뮤니케이션
00117027,001780,알루코
00159874,009760,한국지주
00111829,016890,대웅바이오
00115427,004660,신동방CP
00116499,006600,동신제약
01212383,262760,엔케이맥스
01014055,234300,에스트래픽
01817081,475150,SK이터닉스
00544577,089970,브이엠
01807729,475250,하나33호스팩
00120508,002270,롯데푸드
00121251,028090,네오퍼플
00127024,008720,삼양엔텍
00503899,079660,사조해표
00110875,020180,대신정보통신
01494118,376930,노을
00132105,003940,삼양제넥스
00132114,014300,선진지주
01018167,260490,캐로스
00138376,041550,쎄라텍
00139418,021570,알루코
01765265,460860,동국제강
00149248,009380,아세아페이퍼텍
00149840,005600,중앙제지
00151252,004530,에스와이
01251577,290270,휴네시온
01815764,478110,이베스트스팩6호
00163682,008560,메리츠증권
00154392,016570,에스트라
00409681,067390,아스트
00108490,048830,엔피케이
00150828,002780,진흥기업
00164779,000660,SK하이닉스
00260930,041510,에스엠
00171636,004150,한솔홀딩스
00181712,034730,SK
00632304,096760,JW홀딩스
00198378,031390,녹십자셀
00238199,067730,로지시스
00159412,002300,한국제지
00163044,003040,한일약품공업
00164292,003900,동원데어리푸드
00208301,053440,성우몰드
00220446,054250,예일바이오텍
00653112,233190,미래자원엠엘
00414850,094280,효성 ITX
00874195,204990,코썬바이오
01658266,430230,하나금융24호기업인수목적
00945457,185490,아이진
01276594,293940,신한알파리츠
00115931,039840,디오
00604268,262260,에이프로
01169498,248020,젬
00234449,054790,제이엠피
00587925,142760,모아라이프플러스
00247939,037600,씨모스
01119387,241510,이에스산업
00988364,184230,SGA솔루션즈
00825223,126640,화신정공
00148984,000480,시알홀딩스
00606293,130580,나이스디앤비
01798980,473050,유안타제15호스팩
00652423,101140,인바이오젠
00252658,046810,코리언일랙트로닉스파워소스
00127167,002810,삼영무역
01138993,278380,원바이오젠
00857480,143240,사람인
00101664,214390,경보제약
00249034,035430,드림라인
00983040,180640,한진칼
01510489,950210,프레스티지바이오파마
01203507,299670,에스엠비나
01232192,464280,티디에스팜
01181515,290650,엘앤씨바이오
00390860,065150,대산F&B
01233465,303810,동국생명과학
00265324,035760,CJ ENM
01014657,138580,비즈니스온커뮤니케이션
01658831,475830,오름테라퓨틱
00352064,053160,프리엠스
00173069,011400,아진카인텍
01063237,222670,플럼라인생명과학
00136226,065350,신성델타테크
00682992,298870,우리벤처파트너스
00110547,003050,링세오코리아
00562245,124560,태웅로직스
00403793,301300,바이브컴퍼니
01113718,226950,올릭스
00295370,039230,제이앤케이인더스트리
00603348,093320,케이아이엔엑스
00369107,082850,우리바이오
01667592,433530,키움제7호기업인수목적
01142260,460870,에스엠씨지
00797364,119650,KC코트렐
00130408,079650,서산
01142400,164060,이루다
00364795,060300,레드로버
00129235,004450,삼화왕관
01641600,475580,에이럭스
00471068,077360,덕산하이메탈
01492651,372320,큐로셀
01803927,481070,에이유브랜즈
01572489,386580,한화플러스제2호기업인수목적
00766106,105550,엣지파운드리
01204056,352820,하이브
00113562,000400,롯데손해보험
00226316,111110,호전실업
00577380,138070,신진에스엠
01814233,477380,미래에셋비전스팩4호
01594764,405640,신한제9호기업인수목적
01072518,163430,디피코
01217014,290090,트윔
01381984,357880,SKAI
00160375,010640,진양폴리우레탄
00164788,012330,현대모비스
00330044,050110,캠시스
01583652,434480,모니터랩
01074862,215200,메가스터디교육
00124504,047050,포스코인터내셔널
00128032,000520,삼일제약
00441243,093240,형지엘리트
01281541,446440,에피바이오텍
01814589,477760,디비금융스팩12호
00264255,043150,바텍
00269922,041830,인바디
00225706,234080,JW생명과학
00557508,114090,GKL
01540453,445090,에이직랜드
00373021,073640,테라사이언스
01866528,489210,교보17호스팩
00135795,029530,신도리코
00161125,018880,한온시스템
00596260,079970,투비소프트
00138792,020560,아시아나항공
00651901,298690,에어부산
00490090,099750,이지케어텍
01854408,487830,신한제15호스팩
01620713,421800,교보12호기업인수목적
01207901,466410,사이냅소프트
01847550,484130,하나34호스팩
00121039,017180,명문제약
00458562,089530,에이티세미콘
00159731,019660,글로본
01616808,413600,키움제6호기업인수목적
00159193,015760,한국전력공사
00105271,002380,케이씨씨
00123523,004650,창해에탄올
00124197,003030,세아제강지주
00264945,036800,나이스정보통신
00276834,052900,KX하이텍
00307897,032710,신한카드
01205851,267260,HD현대일렉트릭
01236897,271980,제일약품
01010642,144510,지씨셀
01217829,265740,엔에프씨
00108065,015540,에코바이브
00317210,043260,성호전자
00153278,019770,서연탑메탈
01357765,348080,큐라티스
00260408,036580,팜스코
00405959,115570,스타플렉스
01621280,424140,케이비제21호기업인수목적
00351427,096250,와이즈넛
00415594,100130,동국S&C
00362238,079980,휴비스
00441447,089150,케이씨티
00495086,087600,픽셀플러스
01003040,192250,케이사인
01807738,475240,하나32호스팩
01283974,451250,삐아
00102432,013580,계룡건설산업
00230036,030350,드래곤플라이
00360036,046310,백금T&A
00567897,389500,에스비비테크
00610490,148140,비디아이
00125150,005090,SGC에너지
00371485,089010,켐트로닉스
01013694,211050,인카금융서비스
01159853,243070,휴온스
01310773,333620,엔시스
00386937,060000,국민은행
01179866,398120,에스지헬스케어
00453929,078160,메디포스트
00765462,297090,씨에스베어링
00670340,112610,씨에스윈드
01624162,425290,삼성기업인수목적6호
00239639,038500,삼표시멘트
00532059,114450,그린생명과학
00580199,086900,메디톡스
00877059,207940,삼성바이오로직스
00926522,191420,테고사이언스
00102618,012200,계양전기
00297095,051490,나라엠앤디
00141246,016250,SGC E&C
00753643,109070,주성코퍼레이션
00441128,058220,아리온테크놀로지
01672053,436530,케이비제22호기업인수목적
00104537,006050,국영지앤엠
00105855,010120,엘에스일렉트릭
00143907,012620,원일특강
00185046,048550,SM C&C
00918222,156100,엘앤케이바이오
00825959,126700,하이비젼시스템
00144650,054930,유신
00299464,047820,초록뱀미디어
00602136,104460,디와이피엔에프
00120571,005300,롯데칠성음료
00220969,045060,오공
00313649,048410,현대바이오
00231363,032640,LG유플러스
00487546,076080,웰크론한텍
00303873,079160,CJ CGV
00617314,219130,타이거일렉
01766167,458320,케이비제26호기업인수목적
00450931,101970,우양에이치씨
00291231,052270,우전
00161383,042700,한미반도체
00172680,005160,동국산업
00104388,007690,국도화학
00288343,065570,삼영이엔씨
00111999,003220,대원제약
00870481,128540,에코캡
01047169,208350,지란지교시큐리티
01078178,218410,RFHIC
01095722,222800,심텍
01288410,318160,셀바이오휴먼텍
01538528,453860,에이에스텍
01770203,462520,조선내화
01138595,199480,뱅크웨어글로벌
00132202,086710,선진뷰티사이언스
01139035,277880,티에스아이
01544468,456070,이엔셀
00367400,463480,모티브링크
00113410,000120,CJ대한통운
00216762,045100,한양이엔지
00131850,001510,SK증권
00536523,090360,로보스타
00660750,166090,하나머티리얼즈
01208751,212710,아이에스티이
00159005,002000,생고뱅코리아홀딩스
01866926,492220,KB제31호스팩
01695498,419700,이브이파킹서비스
00124540,047040,대우건설
01663055,430460,한화플러스제3호기업인수목적
01857991,489730,디비금융제13호스팩
00861720,181340,이즈미디어
01316245,298040,효성중공업
01370863,402490,그린리소스
01574760,393360,신한제8호기업인수목적
00528791,412540,제일엠앤에스
00629212,131180,딜리
00111810,003090,대웅
01259056,299910,애닉
00259545,123040,엠에스오토텍
01208821,266350,팡스카이
00159209,052690,한전기술
00868705,136540,윈스테크넷
00821607,123750,알톤
00155124,010770,평화홀딩스
00258801,035720,카카오
00297989,046120,오르비텍
00357360,069640,한세엠케이
00338170,452400,이닉스
00390055,063160,종근당바이오
00427483,069620,대웅제약
00397191,068050,팬엔터테인먼트
00445054,067310,하나마이크론
00155638,002230,피에스텍
01302853,368600,아이씨에이치
01804476,474490,유안타제16호스팩
00155319,005490,POSCO홀딩스
00157681,004000,롯데정밀화학
00939687,163560,동일고무벨트
00540641,084670,동양고속
00684802,244920,에이플러스에셋
00872984,139480,이마트
01385050,389650,넥스트바이오메디컬
00663669,114630,폴라리스우노
00385336,064240,홈캐스트
00672603,199430,케이엔알시스템
00113191,003690,코리안리
00103644,042370,비츠로테크
00126487,007700,F&F 홀딩스
00141389,036560,KZ정밀
00219486,035510,신세계I&C
01568413,383220,F&F
01880801,415640,KB발해인프라
00207375,054670,대한뉴팜
01765256,460850,동국씨엠
01519790,484870,엠앤씨솔루션
00623184,192410,오늘이엔엠
00527011,376190,엘비루셈
00132725,003080,SB성보
00878517,224020,에스케이씨에스
01276026,314130,지놈앤컴퍼니
01358463,319400,현대무벡스
01368354,330860,네패스아크
01270749,289930,웨이비스
01011526,348370,엔켐
00164308,010090,이마트에브리데이
01085026,240600,유진테크놀로지
01186404,263720,디앤씨미디어
00310156,049180,셀루메드
00929228,224760,엔에스컴퍼니
01747977,489500,엘케이켐
01671601,446600,카이바이오텍
00166175,021040,대호특수강
01082348,226400,오스테오닉
00138321,008670,신한투자증권
00877174,169330,엠브레인
00119007,009580,무림P&P
00121507,001810,무림SP
01373709,456010,아이씨티케이
00156956,034950,한국기업평가
00304401,047730,텔라움
00348788,053200,디이시스
00136086,009200,무림페이퍼
00317681,059210,메타바이오메드
00326731,064550,바이오니아
00349060,042520,한스바이오메드
00447007,260660,알리코제약
00608440,340570,티앤엘
00767628,138610,나이벡
00971726,153710,옵티팜
01063954,253840,수젠텍
00226547,053980,오상자이엘
01161432,199550,레이저옵텍
01784394,465770,STX그린로지스
00108038,004250,엔피씨
00228059,084110,휴온스글로벌
00242934,083550,케이엠
01152470,263750,펄어비스
01569838,388800,유진기업인수목적7호
01700587,462350,이노스페이스
00247975,036830,솔브레인홀딩스
01663639,430700,유안타제9호기업인수목적
01275489,308430,셀비온
00962393,318020,포인트모바일
00764807,183410,골프존클라우드
00158909,004940,하나은행
00763358,136510,스마트솔루션즈
01801822,473950,SK증권제13호스팩
00109754,005750,대림바스
00521390,144960,뉴파워프라즈마
00878915,139130,iM금융지주
00263654,039200,오스코텍
00983916,187420,HLB제넥스
01877126,487720,키움제10호스팩
00256955,055490,테이팩스
00128412,005500,삼진제약
00164973,001450,현대해상
00606770,094850,참좋은여행
01592049,455900,엔젤로보틱스
00536541,086520,에코프로
00492353,170790,파이오링크
00374738,065370,위세아이텍
01817249,477470,미래에셋비전스팩5호
01250374,275630,에스에스알
00353230,060910,프리젠
01051472,229000,젠큐릭스
00688996,105560,KB금융
00296078,054620,APS
00871833,237690,에스티팜
01686427,464080,에스오에스랩
01412938,322190,베른
00151128,009680,모토닉
01586172,400840,하이제7호기업인수목적
01834194,481890,엔에이치스팩31호
01675014,438220,대신밸런스제13호기업인수목적
01845534,482690,대신밸런스제19호스팩
01445440,459100,위츠
01498576,389680,유디엠텍
00155355,017810,풀무원
00300405,065500,오리엔트정공
00150439,003780,진양산업
00112998,031210,서울보증보험
00277736,046110,한일네트웍스
00661847,133820,화인베스틸
01105153,454910,두산로보틱스
00960641,168490,한국투자패러랠유전해외자원개발특별자산투자회사1호(지분증권)
00447575,204270,제이앤티씨
00480783,091580,상신이디피
01590528,450950,아스테라시스
00526599,145720,덴티움
01612608,419270,신영해피투모로우제7호기업인수목적
01678312,460470,아이빔테크놀로지
01873272,489480,키움제11호스팩
01374717,475460,미트박스
01872219,493790,유안타제17호스팩
00186799,044490,태웅
00965813,201490,미투온
01168143,900280,케이만금세기차륜집단유한공사
00486705,139990,아주스틸
01619513,422040,엔에이치기업인수목적23호
00321204,076340,지에이이노더스
00527002,127980,화인써키트
01492217,373110,엑셀세라퓨틱스
00173698,002700,신일전자
01020524,234920,자이글
00161408,021960,케이비캐피탈
00114792,001230,동국홀딩스
00135999,001000,신라섬유
01458161,484810,티엑스알로보틱스
00126186,018260,삼성에스디에스
00107987,025860,남해화학
00863533,482630,삼양엔씨켐
00223762,043610,KT지니뮤직
01526806,419050,삼기에너지솔루션즈
01688896,448730,삼성FN리츠
01854392,488060,유진스팩11호
00958327,382800,지앤비에스 에코
00156442,004590,한국가구
00206686,042040,케이피엠테크
00216647,030530,원익홀딩스
00222435,033050,제이엠아이
00267854,014100,메디앙스
00346407,040350,크레오에스지
01881800,498390,한화플러스제5호스팩
00657002,200710,에이디테크놀로지
00141671,010470,오리콤
00149354,001630,종근당홀딩스
00152862,002020,코오롱
00357740,060250,NHN KCP
00384762,065690,파커스
00466428,074430,아미노로직스
00129509,014130,한익스프레스
01372782,356680,엑스게이트
01453944,457600,벡트
00223513,033320,제이씨현시스템
00121534,023150,MH에탄올
00366845,065130,탑엔지니어링
00126292,029780,삼성카드
00137252,008040,사조동아원
01796858,472220,신영스팩10호
00140177,007070,GS리테일
01813377,477340,에이치엠씨제7호스팩
00150633,013890,지누스
00556907,088800,에이스테크
00665676,127710,아시아경제
00666204,217190,제너셈
00799539,122310,제노레이
01105621,227950,엔투텍
01112889,239890,피엔에이치테크
00355089,045340,토탈소프트
00958664,162300,신스틸
00140168,035000,HS애드
01262458,282690,동아타이어공업
01423916,382150,온코크로스
01472930,417860,오브젠
01579570,418250,시큐레터
01093007,229640,LS에코에너지
01203808,265520,AP시스템
01616482,418210,신한제10호기업인수목적
00765897,448900,한국피아이엠
00301112,046390,삼화네트웍스
01408999,336060,웨이버스
01023211,209640,와이제이링크
00155258,058430,포스코스틸리온
00155276,003670,포스코퓨처엠
00204208,027740,마니커
00377610,058650,세아홀딩스
01032413,195870,해성디에스
01316254,298050,HS효성첨단소재
00927558,206650,유바이오로직스
00414540,114920,대주이엔티
00574611,099220,SDN
00613318,122870,와이지엔터테인먼트
00127699,064510,유네코
00638539,126870,앤에스
01363924,331660,한국미라클피플사
01563922,413390,엠오티
01819867,478440,미래에셋비전스팩6호
00423609,068870,LG생명과학
00113234,001790,대한제당
00140566,002680,한탑
00121941,001680,대상
00192499,027710,팜스토리
00241209,033200,모아텍
00242378,035810,이지홀딩스
00370006,052220,iMBC
00142661,006980,우성
01226270,352090,스톰테크
00156691,005430,한국공항
00158149,002960,한국쉘석유
00303794,086980,쇼박스
00127158,004920,씨아이테크
00220622,065710,서호전기
00446831,084450,세실
01714997,481850,신한글로벌액티브리츠
00681373,197140,디지캡
01353024,317240,TS트릴리온
00445841,086960,MDS테크
00446479,070480,신비앤텍
00370255,064520,테크엘
00298447,052710,아모텍
00863038,313760,캐리
00291152,041500,디비엘
01492688,362990,드림인사이트
01841635,482680,미래에셋비전스팩7호
01153105,318410,비비씨
00816933,285800,진영
00149345,002600,조흥
00449254,099320,쎄트렉아이
00545734,092040,아미코젠
00560849,260970,에스앤디
00428321,101530,해태제과식품
00397252,067000,조이시티
00435969,071200,인피니트헬스케어
01604371,415580,상상인제3호기업인수목적
00108913,019680,대교
00254045,000030,우리은행
00929778,199870,배터리솔루션즈
01117918,258250,셀젠텍
01168684,253450,스튜디오드래곤
00576798,110990,디아이티
00592653,089850,유비벨록스
00116824,000640,동아쏘시오홀딩스
00104102,010050,우리종합금융
00956930,170900,동아에스티
01601222,413630,씨피시스템
00301015,044070,한서제약
00301626,057330,플래닛팔이
00299844,254490,미래반도체
00650771,160190,하이젠알앤엠
00579139,222980,한국맥널티
00855093,136490,선진
00986898,318010,팜스빌
01167056,248170,샘표식품
01205329,264900,크라운제과
01613281,418170,하나금융22호기업인수목적
01632912,476060,온코닉테라퓨틱스
00101488,009450,경동나비엔
00158565,017890,한국알콜
00184667,023410,유진기업
00200910,031310,아이즈비전
00125521,005850,에스엘
00131832,006120,SK디스커버리
00329093,047770,코데즈컴바인
00528515,092460,한라IMS
00145190,003460,유화증권
01851650,486630,KB제30호스팩
00910202,178600,대동고려삼
00317089,066930,한국애보트진단
00442154,126880,제이엔케이글로벌
01085187,236030,씨알푸드
01453670,353190,휴럼
00101549,011040,경동제약
00103015,014570,고려제약
00113128,023910,대한약품
00114686,006620,동구바이오제약
00114808,086450,동국제약
00455981,080000,에스엔유프리시젼
00540863,083450,GST
00156488,005010,휴스틸
00614478,200670,휴메딕스
00656289,222040,코스맥스엔비티
00991298,189330,씨이랩
00106614,092440,기신정기
00557933,088790,진도
01663569,450330,하스
01018617,200580,메디쎄이
01110182,246960,SCL사이언스
00122551,035150,백산
00140946,009180,한솔로지스틱스
00139205,001540,안국약품
00534598,372910,한컴라이프케어
00329084,047940,비엔디
00334493,050470,씨티앤티
00334615,038710,콜마파마
00349787,054020,지케이파워
00577016,050960,수산아이앤티
00123718,003000,부광약품
00126414,001360,삼성제약
00126788,009300,삼아제약
00136448,002800,신신제약
00137058,012790,신일제약
00141149,003520,영진약품
00144818,000220,유유제약
00158963,033270,유나이티드
00161046,002390,한독
00167192,005720,넥센
01098792,226340,본느
01181807,308100,형지글로벌
01211232,282880,코윈테크
00854997,137310,에스디바이오센서
00157399,004710,한솔테크닉스
00549925,085370,루트로닉
00356158,053330,영진코퍼레이션
01605282,464580,닷밀
00164706,004310,현대약품
00166573,016580,환인제약
00210740,067080,대화제약
00216027,053030,바이넥스
00231831,034940,조아제약
00256043,200780,비씨월드제약
00533809,354390,바스칸바이오제약
00541349,068760,셀트리온제약
00765851,330350,위더스제약
00359395,084990,헬릭스미스
01601286,412930,미래에셋비전기업인수목적1호
00937324,161390,한국타이어앤테크놀로지
01245062,950160,코오롱티슈진
01108099,227840,현대코퍼레이션홀딩스
01290381,347740,피엔케이피부임상연구센타
00446901,126730,코칩
01798722,473000,SK증권제12호스팩
00992871,185750,종근당
01012066,195940,HK이노엔
00148832,006220,제주은행
00109310,008830,대동기어
00128111,009520,포스코엠텍
00130763,046890,서울반도체
00219574,044820,코스맥스비티아이
00153375,023160,태광
00156910,019550,SBI인베스트먼트
00589127,092220,KEC
01009789,192820,코스맥스
01412725,336260,두산퓨얼셀
00488402,092190,서울바이오시스
00245898,050320,에스에이치엔엘
00668965,311320,지오엘리먼트
01573974,391060,엔에이치기업인수목적20호
00249894,066700,테라젠이텍스
01165155,250060,모비스
00184889,039020,이건홀딩스
00899556,147830,제룡산업
01807747,474930,신한제13호스팩
01809569,474660,신한제12호스팩
00188122,036280,남산물산
00109453,067250,케이조선
00117966,013120,동원개발
00122481,014580,태경비케이
01274329,365340,성일하이텍
00162072,011700,한신기계공업
01689266,431190,케이쓰리아이
00121154,009780,엠에스씨
00141307,000670,영풍
00158219,033170,시그네틱스
00157991,004090,한국석유공업
00259590,035620,바른손이앤에이
00262266,437730,삼현
00267906,019010,베뉴지
00203315,036420,콘텐트리중앙
01008762,194480,데브시스터즈
00175173,031510,오스템
00253985,066620,국보디자인
00126779,006110,삼아알미늄
00138516,008700,아남전자
00191472,025000,KPX케미칼
00788773,096530,씨젠
01582228,397880,교보11호기업인수목적
01553129,420570,제이투케이바이오
00367376,064060,사이노젠
00104856,016360,삼성증권
00105961,011070,LG이노텍
00126256,032830,삼성생명
00415707,069410,엔텔스
00126478,010140,삼성중공업
00136378,004170,신세계
00137997,001500,현대차증권
00166519,000850,화천기공
01663116,163280,에어레인
00400121,069330,유아이디
00166333,086250,화신테크
00819374,190510,나무가
01109070,238200,비피도
01593242,406760,하나금융21호기업인수목적
00148470,199820,제일일렉트릭
01436558,404990,신한서부티엔디리츠
00103006,002240,고려제강
00105466,021320,KCC건설
00109037,027830,대성창투
00113614,016090,대현
00525934,108320,LX세미콘
00146861,033240,자화전자
00317104,171120,라이온켐텍
00346610,056090,시지메드텍
00372226,131290,티에스이
00361488,078000,텔코웨어
00852087,134790,시디즈
00494476,088390,이녹스
00535481,109610,에스와이
00540447,086390,유니테스트
01493793,360350,코셈
01448544,471820,셀로맥스사이언스
00355548,053590,한국테크놀로지
01114559,286000,씨엔티드림
00117188,004800,효성
00117601,003470,유안타증권
00169215,019990,에너토크
00187725,015710,코콤
00131939,007610,선도전기
00159573,000970,한국주철관공업
00246620,039420,케이엘넷
00477257,078650,지나인제약
00273615,030790,비케이탑스
01128622,239340,이스트에이드
00129642,041650,상신브레이크
00137368,002870,신풍
00547510,199800,툴젠
00573269,096630,에스코넥
00657987,122450,KX
00675594,187220,디티앤씨
01217795,432980,엠에프씨
01237540,272290,이녹스첨단소재
01390399,328380,솔트웨어
00367604,063440,SM Life Design
00125743,004560,현대비앤지스틸
00656951,090850,현대이지웰
00130684,017390,서울도시가스
00155212,022100,포스코DX
01027828,445180,퓨릿
00250137,065530,와이어블
00261957,039740,한국정보공학
00269889,040160,누리플렉스
00408336,062580,인산가
01025644,217730,강스템바이오텍
00475985,048870,시너지이노베이션
00138598,036010,아비코전자
00297448,041590,플래스크
00578130,149300,아퓨어스
01118281,304840,피플바이오
01709065,477850,마키나락스
01724338,454750,하나28호기업인수목적
01882845,499790,GS피앤엘
01466832,403360,라피치
01579020,456570,아이엠지티
00676122,155960,지디
01071944,218150,미래생명자원
00164672,006390,한일현대시멘트
01933981,0068Y0,비엔케이제3호스팩
01782004,380550,뉴로핏
01263022,282330,BGF리테일
00219097,027410,BGF
01335143,376900,로킷헬스케어
00161426,008930,한미사이언스
01068658,217620,선샤인푸드
00656021,139050,비에프랩스
01046203,204630,로아앤코홀딩스
00268011,033550,일레덱스홀딩스
00814582,336680,탑런토탈솔루션
01760738,456040,OCI
01602638,430690,한싹
01011562,194610,우성아이비
00942131,238090,앤디포스
00410739,057880,푸른소나무
00148461,001560,제일연마
00151447,001490,천지산업
00385363,065450,빅텍
00119195,000020,동화약품
00265421,037330,인지디스플레
00914341,309710,아이티켐
00106623,011210,현대위아
00172228,085310,엔케이
00416414,089140,넥스턴앤롤코리아
00659161,160980,싸이맥스
01692321,446190,미래에셋비전기업인수목적2호
00631518,096770,SK이노베이션
01712616,451700,엔에이치기업인수목적29호
01596221,0017J0,세미티에스
01682740,442770,아이비케이에스제21호기업인수목적
01466373,459550,알트
00976615,217880,틸론
00204642,033830,티비씨
00288495,060560,HC홈센타
00568461,225530,HC보광산업
00938688,950110,SBI핀테크솔루션즈
00203847,060480,국일신동
00104810,007720,소노스퀘어
00125974,001470,삼부토건
00375931,060150,인선이엔티
00885906,148930,에이치와이티씨
01397903,354200,엔젠바이오
00519252,089230,THE E&M
01405585,335870,윙스풋
00145914,017250,인터엠
00208134,058400,KNN
01099667,217480,에스디생명공학
00667425,200470,에이팩트
00121969,023960,에쓰씨엔지니어링
00977650,182400,엔케이젠바이오텍코리아
00440712,073570,리튬포어스
00103635,014200,광림
01700921,448740,삼성기업인수목적8호
00128980,010960,삼호개발
00291860,044060,조광아이엘아이
00159616,034020,두산에너빌리티
00164742,005380,현대자동차
01310269,294870,IPARK현대산업개발
00524421,095610,테스
00677334,102950,아하
00966168,263690,디알젬
00683061,125490,한라캐스트
01957909,0115H0,삼성스팩13호
01724709,455250,케이비제25호기업인수목적
01584934,417180,핑거스토리
01259418,290670,대보마그네틱
00486875,103840,우양
00356370,051900,LG생활건강
00220109,043100,알파AI
01571107,394280,오픈엣지테크놀로지
01946532,0096B0,삼성스팩12호
00560982,086820,바이오솔루션
01885222,0030R0,대신밸류리츠
01267967,305090,마이크로디지탈
01696451,442310,대신밸런스제14호기업인수목적
01677678,440790,교보13호기업인수목적
01867758,489790,한화비전
00693554,104480,티케이케미칼
00349097,053210,케이티스카이라이프
00422895,067830,세이브존I&C
00122205,018700,졸스
00372873,058860,KTis
00537832,094940,푸른로보틱스
00372882,058850,KTcs
01116265,140430,카티스
00571483,138080,오이솔루션
01512575,384470,코어라인소프트
01506617,394800,쓰리빌리언
00874937,180060,탑선
00356839,054180,메디콕스
01817920,0015S0,페스카로
00100939,000860,강남제비스코
00135777,016590,신대양제지
00229021,033230,인성정보
00146296,007110,일신석재
00562360,097780,에코볼트
01219155,311390,네오크레마
01326279,307180,아이엘
01534577,362320,청담글로벌
00114154,024900,디와이덕양
01965324,0126Z0,삼성에피스홀딩스
00390408,064090,인크레더블버즈
00154426,003560,아이에이치큐
00137207,011330,유니켐
00109268,048470,대동스틸
00426086,069260,티케이지휴켐스
00303703,065770,CS
00336817,047920,HLB제약
00899459,228850,레이언스
00522007,110790,크리스에프앤씨
00108649,048770,TPC로보틱스
00287812,038870,에코심플렉스
00526951,095190,신화프리텍
01157846,188040,바이오포트
00149770,000440,중앙에너비스
00116806,012760,하스코
00442631,116100,태양기계
00197759,025560,미래산업
00962922,222110,팬젠
00146232,013360,일성건설
00298377,040910,아이씨디
00638487,150900,파수AI
00809429,123840,뉴온
00958451,452280,한선엔지니어링
01182408,258790,소프트캠프
01495180,388870,파로스아이바이오
00153524,011280,태림포장
01294110,0008Z0,에스엔시스
00362441,307950,현대오토에버
00111704,042660,한화오션
01549472,393970,대진첨단소재
00169048,003580,HLB글로벌
00296290,039490,키움증권
01117246,278990,EMB
00645089,104200,NHN벅스
01210190,348030,모비릭스
00238977,134780,에스엠화진
00983934,289010,아이스크림에듀
01185867,341170,퓨쳐메디신
00117577,001800,오리온홀딩스
00351375,060260,뉴보텍
01203312,279570,케이뱅크
00791209,118000,메타케어
00627029,099520,DGI
01084294,353590,오토앤
00521433,093510,엔지브이아이
00580065,101160,월덱스
00231044,032820,우리기술
00113544,003830,대한화섬
00163673,003480,한진중공업홀딩스
00624998,123330,제닉
00123772,001270,부국증권
00128607,024950,삼천리자전거
00206039,039240,경남스틸
00163716,005110,한창
01244601,377300,카카오페이
01136977,439090,마녀공장
01412822,336370,솔루스첨단소재
00232821,036170,에이치엠넥스
00110431,067290,JW신약
00608316,131220,대한과학
01785551,464680,케이비제27호기업인수목적
00860730,140910,에이자기관리부동산투자회사
00162081,019560,한국투자파트너스
00632845,104620,노랑풍선
01513440,368770,파이버프로
00977641,149980,하이로닉
01063556,233990,질경이
00127200,005680,삼영전자공업
00578325,092590,럭스피아
01166109,250930,예선테크
00124799,007160,사조산업
00260657,036220,오상헬스케어
00264714,040610,SG&G
00666329,176590,코나솔
00361008,082740,한화엔진
01217865,377220,프롬바이오
00109019,005270,아이엠뱅크
00201450,068400,에스케이렌터카
00177320,036480,대성미생물
00384887,071670,에이테크솔루션
00549891,214370,케어젠
01462739,413640,비아이매트릭스
00495554,090740,와이앤넥스트
00407294,088340,유라클
00990262,150440,피노텍
00152589,027050,코리아나
00145738,024810,이화전기공업
00405506,361670,삼영에스앤씨
01206717,448780,마이크로엔엑스
01133217,323410,카카오뱅크
00579980,084850,아이티엠반도체
00497631,081150,티플랙스
00874803,211270,AP위성
00875237,352700,씨앤투스
01311055,294570,쿠콘
01327746,310210,보로노이
01806951,472850,폰드그룹
01325979,306200,세아제강
00110893,003540,대신증권
00115676,016380,KG스틸
00225742,060370,LS마린솔루션
00120030,006360,GS건설
00245694,111710,남화산업
00128555,004690,삼천리
00255275,078150,HB테크놀러지
00134510,033530,SJG세종
00166315,010690,화신
00330424,078020,LS증권
00415327,072020,중앙백신
00191588,023000,삼원강재
00453442,059270,해성에어로보틱스
00222532,037560,LG헬로비전
00524786,086670,비엠티
00300548,079430,현대리바트
00406046,071970,HD현대마린엔진
00530185,102710,이엔에프테크놀로지
00366438,062040,산일전기
00244561,035080,그래디언트
01015160,332570,PS일렉트로닉스
01109122,258540,에스엘테라퓨틱스
01292291,440110,파두
00235147,073070,에이팸
00377018,049080,기가레인
00671376,091810,트리니티항공
01565364,487580,폴레드
01467336,368030,창대정밀
01671285,464490,쿼드메디슨
01455410,387570,파인메딕스
01016309,457370,한켐
01214248,270870,뉴트리
01818682,479880,한국제15호스팩
01101722,226440,시스네오텍
01246742,258050,테크트랜스
00359261,072950,빛샘전자
00178790,079960,동양이엔피
00410915,063170,서울옥션
00155692,037400,우리엔터프라이즈
00308896,068940,셀피글로벌
00643656,101730,위메이드맥스
01012987,357580,아모센스
00635134,097950,CJ제일제당
01113754,241790,티이엠씨씨엔에스
00759513,108670,LX하우시스
01144569,257370,피엔티엠에스
01194689,443060,HD현대마린솔루션
01409022,187660,페니트리움바이오
01267170,285130,SK케미칼
01480780,400760,NH올원리츠
00127042,002170,SYTS
00137915,007820,엠엑스로보틱스
00670766,347890,엠엑스온
01407158,333050,이노테나
01588189,475400,씨메스로보틱스
01605529,438700,버넥트
00255044,039010,현대에이치티
00869272,189860,서전기전
00219361,034810,해성산업
01293485,381620,제닉스로보틱스
00217743,039610,화성밸브
01189438,278650,HLB바이오스텝
00454946,083420,그린케미칼
00123143,003850,보령
01259311,290720,푸드나무
00156150,019490,엑시큐어하이트론
00259934,036000,예림당
00144252,000910,유니온
00156600,198940,한주라이트메탈
00160843,000990,DB하이텍
00626464,119850,지엔씨에너지
00687711,104700,한국철강
01725577,455910,에스케이증권제9호기업인수목적
01551042,397810,애드포러스
01214743,298540,더네이쳐홀딩스
00624518,154040,다산솔루에타
00493185,090470,제이스로보틱스
01921199,0070X0,에스테크엠
01065679,215790,이노인스트루먼트
01175499,377460,큐에이드
01329957,307750,국전
00911955,226320,잇츠한불
00160302,005420,코스모화학
01594791,459510,나우로보틱스
00158015,025550,한국선재
00117726,092780,DYP
01146822,262840,아이퀘스트
01762569,457190,이수스페셜티케미컬
00122472,001340,PKC
00606886,183490,엔지켐생명과학
01110076,230980,비유테크놀러지
01976418,0134X0,대신밸런스제20호스팩
01430475,357120,코람코라이프인프라리츠
00989327,183350,엘피케이로보틱스
00154329,007980,TP
01585155,440320,오픈놀
00164478,000720,현대건설
00401731,066570,LG전자
00189538,032580,피델릭스
01060744,213500,한솔제지
00463342,041910,폴라리스AI파마
01060814,272550,삼양패키징
01316227,298020,효성티앤씨
01506848,419540,비스토스
01063884,215090,솔디펜스
00353018,058530,헬스커넥트
01153293,322510,제이엘케이
01712485,450140,코오롱모빌리티그룹
00561866,115390,락앤락
00659684,174880,장원테크
00306454,053300,한국정보인증
00648721,100840,SNT에너지
00493510,085670,뉴프렉스
00799070,900110,딥커머스
00971090,263540,어스앤에어로스페이스
00109514,004870,티웨이홀딩스
01238169,271560,오리온
00923826,178780,일월지엠엘
00134176,013000,세우글로벌
00113225,084010,대한제강
00545929,095700,제넥신
00339391,272210,한화시스템
00838500,900140,엘브이엠씨
00129989,005070,코스모신소재
01755259,0117P0,피스피스스튜디오
01109937,246710,티앤알바이오팹
00163345,012030,DB
00411048,101490,에스앤에스텍
00148276,030000,제일기획
00365989,070960,모나용평
00319272,458650,성우
01767494,462020,에이치엠씨아이비제6호기업인수목적
01785056,466910,엔에이치기업인수목적30호
01101254,288180,케이피항공산업
01671197,435870,에스케이증권제8호기업인수목적
01731453,456440,디비금융제11호기업인수목적
00128315,037460,삼지전자
00146560,019540,일지테크
00105101,015360,INVENI
00101752,025880,케이씨피드
00309503,047810,한국항공우주
00161462,021080,에이티넘인베스트
00245472,064760,티씨케이
00363769,063570,NICE인프라
01210677,480370,씨케이솔루션
01380578,484120,도우인시스
01182240,267790,배럴
00162461,009830,한화솔루션
00763701,234340,헥토파이낸셜
00110060,026970,대백저축은행
01135057,234690,녹십자웰빙
01246034,290660,다이나믹솔루션
01419205,460940,피앤에스로보틱스
01468061,443250,레뷰코퍼레이션
01279698,0011T0,채비
01082418,419530,SAMG엔터
00831428,131030,옵투스제약
01649204,483650,달바글로벌
00137289,041520,이엘씨
00520887,100220,비상교육
00548519,086460,큐러블
00302582,071850,캐스텍코리아
01784677,466690,키움히어로제1호스팩
00158501,012750,에스원
01859500,493280,아이엠바이오로직스
00159786,014830,유니드
00508274,081000,일진다이아
00544452,088260,이리츠코크렙
00683469,103590,일진전기
00972503,271940,일진하이솔루스
01234297,268280,미원에스씨
01689336,445360,비엔케이제1호기업인수목적
01708163,475230,엔알비
00200275,040300,YTN
00381756,125020,티씨머티리얼즈
01688568,468530,프로티나
01454341,367000,플래티어
01049167,214610,롤링스톤
00413046,068270,셀트리온
00228536,041440,현대에버다임
01211889,261520,이지스
01267550,288490,나라소프트
00480756,096040,이트론
00144720,011690,와이투솔루션
00203290,024720,콜마홀딩스
00816696,136660,큐엠씨
00297934,051380,피씨디렉트
00161709,016800,퍼시스
00304076,053080,케이엔솔
00165583,017940,E1
00309831,061040,알에프텍
00363927,053290,NE능률
00225159,036530,SNT홀딩스
00407814,083790,CG인바이츠
00404701,123890,한국자산신탁
00486370,080470,성창오토텍
00633835,097230,HJ중공업
00523936,297890,HB솔루션
00706715,107590,미원홀딩스
00104519,001140,국보
01872893,495900,에이엠시지
01335790,308080,바이젠셀
01622331,424760,벨로크
00157104,008110,대동전자
00552859,115450,HLB테라퓨틱스
01188730,260870,SK시그넷
00862853,237820,플레이디
00919966,215600,신라젠
00970453,214450,파마리서치
01038693,203650,드림시큐리티
01067516,215000,골프존
01311408,450080,에코프로머티
00106456,014590,지앤엘
00945208,161570,더미동
01185566,263920,휴엠앤씨
00924931,0004V0,엔비알모션
00788737,134060,이퓨쳐
01584183,432720,퀄리타스반도체
00803425,123410,코리아에프티
00180263,016100,리더스코스메틱
01902990,0037T0,KB제32호스팩
00340917,049770,동원F&B
00653194,109960,앱토크롬
00888347,145020,휴젤
00136165,013810,스페코
01436479,393210,토마토시스템
01508855,369370,블리츠웨이엔터테인먼트
01511558,950220,네오이뮨텍
01555215,424960,스마트레이더시스템
01575839,405000,플라즈맵
00141626,002630,오리엔트바이오
00193328,126720,수산인더스트리
00113207,001440,대한전선
00896753,159910,에코글로우
01201970,352770,셀레스트라
01316236,298000,효성화학
00580667,091340,S&K폴리텍
00318662,056730,CNT85
00147772,045510,정원엔시스
01706794,464500,아이언디바이스
00146454,007570,일양약품
00302926,064350,현대로템
00141282,001890,아이파크영창
00360142,122900,아이마켓코리아
01670675,435380,유안타제10호기업인수목적
00605124,117670,알파칩스
00144012,008370,원풍
00130772,034120,SBS
00110307,031990,대선조선
00392691,064800,포니링크
01026157,403550,쏘카
01700374,448370,하나27호기업인수목적
01786958,494120,큐리오시스
01203659,424870,이뮨온시아
01705625,450050,하이제8호기업인수목적
00124106,005280,부산은행
00117230,002900,TYM
00147152,011320,유니크
00153393,003240,태광산업
00366942,059090,미코
00369569,050090,비케이홀딩스
00173795,004080,신흥
00762377,103660,씨앗
01251595,293780,압타바이오
01507722,402420,켈스
01869710,0007J0,인벤테라
00609315,096640,멜파스
00681249,115480,씨유메디칼
00620868,124500,아이티센글로벌
00122728,002480,범양사
00506294,079940,가비아
00923792,168330,내츄럴엔도텍
01429840,372800,아이티아이즈
00164362,008800,행남사
00493325,172670,에이엘티
00267942,016600,큐캐피탈
00535746,063080,컴투스홀딩스
00261054,037370,EG
00145686,000760,이화산업
00400857,078520,에이블씨엔씨
00151863,012600,청호ICT
00127802,004380,삼익THK
00149947,001060,JW중외제약
01562589,383800,LX홀딩스
01194607,488900,비츠로넥스텍
00399694,067160,SOOP
01719105,452980,신한제11호기업인수목적
00158024,024840,KBI메탈
00173449,044480,빌리언스
00256502,045660,에이텍
00271501,045970,코아시아
00145163,005690,파미셀
00152385,007460,에이프로젠
00305570,043710,코스리거글로벌
00261443,036570,NC
00371740,066670,디티씨
00404941,098070,한텍
00409964,106190,하이텍팜
00530413,224060,더코디
01041828,950170,JTC
00107224,008350,남선알미늄
00117629,008970,KBI동양철관
00174527,002460,HS화성
00307037,065310,더스텔라
01696275,446750,하나26호기업인수목적
00160010,021650,한국큐빅
01221752,388610,지에프씨생명과학
01504211,462510,라메디텍
00108135,005250,녹십자홀딩스
00411808,418550,제이오
00125530,005610,삼립
01964246,0131D0,키움히어로제2호스팩
00129679,006280,녹십자
00991225,302920,더콘텐츠온
00407036,067370,선바이오
00541437,104540,코렌텍
00585608,119860,커넥트웨이브
00162063,004960,한신공영
00554352,175250,아이큐어
01622720,432320,KB스타리츠
00619640,101360,에코앤드림
00907013,152550,한국투자ANKOR유전해외자원개발특별자산투자회사1호(지분증권)
00366517,112190,KC산업
00787057,115160,휴맥스
00813389,177350,베셀
00842619,141080,리가켐바이오
01381391,443670,에스피소프트
01445024,408470,한패스
00115694,016610,DB증권
00138242,003620,KG모빌리티
01299106,403490,우듬지팜
01513699,389140,포바이포
00244455,033780,케이티앤지
01028164,192530,광주은행
00867849,173130,오파스넷
00525679,085660,차바이오텍
01053540,220100,퓨쳐켐
01706819,450940,유안타제14호기업인수목적
01229240,296520,가이아코퍼레이션
00356802,060280,큐렉소
01035678,193250,링크드
01049422,208640,썸에이지
00107598,003920,남양유업
01236532,273060,와이즈버즈
00302078,050540,엠피씨플러스
00298270,053800,안랩
00105873,034220,LG디스플레이
00367482,069540,빛과전자
00876865,212560,네오오토
01702017,446070,유니드비티플러스
00141404,006740,블루산업개발
00164876,003450,케이비증권
00111218,044180,KD
01223219,312610,에이에프더블류
01227039,288330,파라택시스코리아
00479705,079190,케스피온
01724417,454640,하나29호기업인수목적
01042650,115180,큐리언트
00523176,086220,광동헬스바이오
00126362,006400,삼성SDI
00787376,117580,대성에너지
01573336,475960,토모큐브
01875146,496070,신한제16호스팩
01089350,220260,켐트로스
01359815,320000,한울반도체
00815369,123700,에스제이엠
00136642,019590,에스유앤피
01020843,217820,원익피앤이
01669794,403810,아이엘로보틱스
00126308,028050,삼성E&A
00121543,033920,무학
00336297,049720,고려신용정보
00815095,153490,우리이앤엘하루틴
00556712,238490,힘스
01409095,377030,비트맥스
00132211,002820,SUN&L
01514698,373200,엑스플러스
00300557,071460,위니아
00408956,072520,제넨바이오
00925374,372170,윤성에프앤씨
01109955,219420,링크제니시스
00160861,011500,한농화성
00660033,115530,씨엔플러스
00219440,028080,휴맥스홀딩스
01675421,439730,아이비케이에스제20호기업인수목적
01675227,439250,삼성기업인수목적7호
01335930,321550,티움바이오
00141529,007310,오뚜기
00151368,129260,인터지스
01817610,478780,대신밸런스제18호기업인수목적
01097906,226360,케이에이치건설
00384717,065170,비엘팜텍
00105165,006250,극동전선
00370200,066430,아이로보틱스
00445160,079810,APS이노베이션
00503668,079550,LIG디펜스앤에어로스페이스
00462121,073490,LIG아큐버
01725160,455310,한화플러스제4호기업인수목적
01738483,457630,대신밸런스제16호기업인수목적
01516890,418620,E8
01307593,364950,에이아이코리아
01110474,298060,풍전약품
00151298,069730,DSR제강
00378363,060310,3S
00761183,416180,신성에스티
00938721,161580,필옵틱스
01575361,267080,세븐브로이맥주
01034730,215570,크로넥스
00178754,028100,동아지질
00442570,079370,제우스
01639508,463020,뉴엔AI
01702424,448830,미래에셋비전기업인수목적3호
00125965,111870,케이에이치미래물산
01450938,493330,지에프아이
01565054,318060,그래피
00608802,200230,텔콘RF제약
00990396,266170,레드우즈
00911229,232680,라온로보틱스
00173102,012690,모나리자
01386916,361610,SK아이이테크놀로지
00268251,039560,다산네트웍스
00874168,234030,싸이닉솔루션
01810796,476470,케이비제28호기업인수목적
01678835,442130,유진기업인수목적9호
00770312,195500,마니커에프앤지
01152586,388720,유일로보틱스
00608699,134580,탑코미디어
00610083,141000,비아트론
00486097,089600,KT나스미디어
00136004,025870,신라에스지
00220057,032620,GC메디아이
00405278,046440,KG파이낸셜
00363510,060230,제이케이시냅스
00129615,027580,상보
00124726,005180,빙그레
00101433,002100,경농
00226352,032500,케이엠더블유
01497373,461030,아이엠비디엑스
01290132,311960,인터로이드
00131780,001740,SK네트웍스
00270113,058110,멕아이씨에스
00112457,003310,대주산업
01587056,419080,엔젯
01636565,474170,루미르
01023318,347000,센코
00364467,060570,드림어스컴퍼니
01114586,331920,셀레믹스
01744703,457940,에스케이증권제10호기업인수목적
01091382,222810,세토피아
01050738,304100,솔트룩스
00598198,307930,컴퍼니케이
01436628,350520,이지스레지던스리츠
00199988,041930,SY동아
01160974,251120,바이오에프디엔씨
00141273,010600,웰바이오텍
00175650,068060,케이씨더블류
01284876,465480,인스피언
00306870,066910,손오공
00945776,289860,지슨
01910324,0041B0,교보18호스팩
01577952,456160,지투지바이오
00273110,052020,에스티큐브
01489648,357780,솔브레인
01573381,412350,레이저쎌
00195229,081660,미스토홀딩스
00299358,102210,트레스
01547933,351020,미쥬
00965062,189350,코셋
00535375,139670,키네마스터
00148504,000110,한국스탠다드차타드은행
00194947,130660,한전산업
00117498,026890,스틱인베스트먼트
00102353,024910,경창산업
00488989,078350,한양디지텍
00147295,006350,전북은행
00679314,102260,동성케미컬
00159342,025770,한국정보통신
01242241,411080,샌즈랩
00684732,103160,풀무원식품
00531014,084370,유진테크
00442826,078140,대봉엘에스
01872459,496320,본시스템즈
00120562,004990,롯데지주
00398701,066970,엘앤에프
01022142,226590,엠디바이스
01118139,336040,타스컴
01949469,0097F0,미래에셋비전스팩10호
00838005,178320,서진시스템
00241236,037340,에이치씨코퍼레이션
01157235,246720,아스타
01256864,298380,에이비엘바이오
00820352,131760,파인텍
00103176,000540,흥국화재
00109824,006570,대림통상
00111838,007680,대원
00120289,026040,제이에스티나
00113243,001130,대한제분
00144243,018000,유니슨
00115287,004140,동방
00170026,020710,시공테크
00204323,475430,키스트론
00118266,004840,DRB동일
00120076,001120,LX인터내셔널
00260958,036030,케이티알파
00130879,004410,서울식품공업
00159795,017960,한국카본
00668600,102370,케이옥션
01693922,446840,지슨
00382199,055550,신한지주
00492894,082270,젬백스
01385005,491000,리브스메드
01829819,0007C0,아크릴
00115612,005960,동부건설
01031502,196450,코아시아씨엠
01066058,217950,파마리서치바이오
00145260,008730,율촌화학
01376715,347850,디앤디파마텍
00833064,259630,엠플러스
01201590,270660,에브리봇
00101336,008020,경남에너지
01274310,294090,이오플로우
00149266,023460,씨앤에이치
01814312,477530,한국제14호기업인수목적
01137860,479960,위너스일렉
01021949,206560,덱스터
01117413,314930,바이오다인
00111874,005710,대원산업
00108241,004370,농심
00117276,007390,네이처셀
00120526,023530,롯데쇼핑
00144395,026960,동서
00328191,073010,케이에스피
00149655,028260,삼성물산
00489243,088130,동아엘텍
00165413,011170,롯데케미칼
00173740,005450,신한
01063990,215100,로보로보
00178851,060380,동양에스텍
00131504,011370,서한
01704680,476080,M83
01243161,277410,인산가
00481223,079560,시노펙스멤브레인
00112907,026870,코원에너지서비스
01108442,230240,에치에프알
01677429,440820,엔에이치기업인수목적27호
00101044,003060,에이프로젠바이오로직스
00163512,002320,한진
00372129,079900,전진건설로봇
01497869,363280,티와이홀딩스
00172185,004270,남성
00152127,036710,심텍홀딩스
00260392,006340,대원전선
00190321,030200,케이티
00301422,066590,스모트로닉
00198697,020760,일진디스플
00220613,092790,넥스틸
00361169,041460,한국전자인증
00361381,054950,제이브이엠
00356361,051910,LG화학
00365590,067630,HLB생명과학
01399071,348150,고바이오랩
00807555,133750,메가엠디
01275665,302550,리메드
00102751,002140,고려산업
00123541,000890,보해양조
00162416,001750,한양증권
01384477,323230,엠에프엠코리아
00296263,051390,YW
00406222,081180,쎄크
01253636,435570,에르코스
00105244,002250,알보젠코리아
00163691,000700,유수홀딩스
00150244,000080,하이트진로
00491415,115310,인포바인
01042711,204620,글로벌텍스프리
01782183,0082N0,카나프테라퓨틱스
00415628,075580,세진중공업
00480367,100090,SK오션플랜트
00365624,090150,아이윈
00653024,272450,진에어
00795135,120110,코오롱인더
00816544,214420,토니모리
00425351,067280,멀티캠퍼스
00447487,080220,제주반도체
01205709,267250,HD현대
00475976,083640,인콘
01390344,329180,HD현대중공업
00488244,136150,원일티엔아이
01156795,296160,프로젠
00560122,091440,한울소재과학
01042359,204840,지엘팜텍
00962223,263860,지니언스
00652159,144620,코오롱머티리얼
01764099,474650,링크솔루션
00140955,014680,한솔케미칼
01375822,397030,에이프릴바이오
00475718,083470,이엠앤아이
00197476,029960,코엔텍
00563545,131970,두산테스나
00580056,099440,스맥
00585538,095910,에스에너지
00596677,093520,매커스
00599106,094860,네오리진
00654175,147760,피엠티
00778235,246690,TS인베스트먼트
00866451,396470,워트
00916516,189980,흥국에프엔비
00956028,950130,엑세스바이오
01037214,256940,킵스파마
01042979,205470,휴마시스
00536286,097800,윈팩
01931585,0054V0,엔에이치스팩32호
00957735,237880,클리오
00118044,030720,동원수산
00624378,424980,마이크로투나노
00106881,014990,인디에프
01437432,383930,디티앤씨알오
00120924,005990,매일홀딩스
00128971,001880,디엘건설
00479787,064290,인텍플러스
01139497,217910,에스제이켐
01046391,217330,싸이토젠
01068737,357230,에이치피오
01073678,238120,얼라인드
01089378,219550,디와이디
01095704,225430,케이엠제약
01124680,250000,보라티알
01210066,377450,리파인
01222867,216080,제테마
01226410,352480,씨앤씨인터내셔널
01258020,304360,에스바이오메딕스
01261644,277810,레인보우로보틱스
01299203,453450,그리드위즈
01393721,331380,포커스에이아이
01406265,432430,와이랩
00177199,024090,디씨엠
00430089,070080,삼보오토
01297898,377480,마음AI
00442455,082660,코스나인
01035942,233250,메디안디노스틱
00150536,007370,진양제약
00402110,131090,시큐브
01051065,236810,엔비티
01701753,449020,유안타제13호기업인수목적
00820389,214870,한울비앤씨
01311310,382480,지아이텍
00617998,234100,폴라리스세원
00618410,101000,KS인더스트리
00657783,417970,모델솔루션
01416642,340360,다보링크
01435489,382900,범한퓨얼셀
01437858,363250,진시스템
01440153,351320,넥사다이내믹스
01462605,388050,지투파워
01480568,353810,이지바이오
01638387,455180,케이지에이
01784914,466100,클로봇
01963520,0130D0,신한제17호스팩
01406618,335890,비올메디컬
01947072,0093G0,미래에셋비전스팩8호
01335851,323990,박셀바이오
00126380,005930,삼성전자
01946596,0096D0,미래에셋비전스팩9호
01867749,495810,유비씨
01261893,281820,케이씨텍
01649620,331740,아우토크립트
00144021,008290,원풍물산
00664853,137950,제이씨케미칼
00172936,004890,동일산업
00799177,122350,삼기
00173874,002350,넥센타이어
00923516,446540,메가터치
00179489,317450,명인제약
00233653,034830,한국토지신탁
01031229,219750,한국비티비
01032583,198440,강동씨앤엘
01033591,405100,큐알티
00299002,060980,HL홀딩스
01061558,213420,덕산네오룩스
00350312,039570,HDC랩스
01507810,390110,애니메디솔루션
00186559,031820,아이티센씨티에스
00641393,101400,엔시트론
01337017,341310,이앤에치
00147860,010580,에스엠벡셀
00567222,101170,우림피티에스
01781999,0009K0,에임드바이오
01109539,232140,와이씨
00357935,089470,HDC현대EP
01113499,232830,아이티센피엔에스
00365387,095570,AJ네트웍스
00369833,047400,유니온머티리얼
01264438,289220,자이언트스텝
01343665,327260,RF머트리얼즈
00458234,267850,아시아나IDT
00459871,072710,농심홀딩스
00896285,145990,삼양사
01965698,0130H0,엔에이치스팩33호
01042775,204320,HL만도
01205842,267270,HD건설기계
00756163,206950,볼빅
00674498,121440,골프존홀딩스
01761296,458610,한국제12호기업인수목적
01428203,344820,케이씨씨글라스
00361725,066270,네이트커뮤니케이션즈
01016886,308700,테크엔
01011438,239610,에이치엘사이언스
00113058,088350,한화생명
01906598,0041L0,하나35호스팩
00148540,001040,CJ
01853214,487360,신한제14호스팩
00127857,002450,삼익악기
00917861,192440,슈피겐코리아
00755739,106240,파인테크닉스
00138303,010280,아이티센엔텍
01016479,322310,오로스테크놀로지
01554508,0011A0,액스비스
00107613,007660,이수페타시스
00126566,012450,한화에어로스페이스
00187770,032300,한국파마
00992543,225190,LK삼양
01429220,452450,피아이이
01949140,0098T0,교보19호스팩
00565154,214320,이노션
01949584,0099X0,IBKS제25호스팩
00260356,008270,산은캐피탈
00171265,034230,파라다이스
00138224,003410,쌍용씨앤이
01800285,473370,비엔케이제2호기업인수목적
00871587,0010F0,보원케미칼
00385415,068330,일신바이오
00501970,078940,퀀타피아
00172945,023790,동일스틸럭스
00155531,005810,풍산홀딩스
01703849,473980,노머스
00373447,038070,서린바이오
00103510,023800,인지컨트롤스
00130383,006730,서부T&D
00104786,007120,미래아이앤지
00230425,039860,나노엔텍
00159698,071320,지역난방공사
00210980,032940,원익
00526696,095270,웨이브일렉트로
00963976,255220,SG
01688346,444920,유안타제11호기업인수목적
00783246,900070,글로벌에스엠
01360875,360070,탑머티리얼
00453284,339770,교촌에프앤비
00103626,010420,한솔피엔에스
00136341,005390,신성통상
01318933,303030,지니틱스
01398151,331520,밸로프
00134723,001020,페이퍼코리아
00147082,049630,재영솔루텍
01021666,317330,덕산테코피아
01318261,299170,더블유에스아이
01374443,287840,인투셀
00583442,090350,노루페인트
01455492,373160,데이원컴퍼니
01258507,280360,롯데웰푸드
00146436,067570,엔브이에이치코리아
00119140,143210,핸즈코퍼레이션
00121288,005360,모나미
00173591,024830,세원물산
00177870,096350,대창솔루션
00124090,007280,한국특강
00125080,006840,AK홀딩스
00131197,021050,서원
00249502,035290,골드앤에스
00135050,004720,팜젠사이언스
00258360,036090,위지트
00135111,017550,수산세보틱스
00141477,012160,영흥
00260611,043590,웰킵스하이텍
00152880,003070,코오롱글로벌
00164830,009540,HD한국조선해양
00264671,039310,세중
00113508,000320,노루홀딩스
00148610,003530,한화투자증권
00141583,484590,삼양컴텍
00533924,131400,이브이첨단소재
00102858,010130,고려아연
00157636,024880,케이피에프
01596425,402340,SK스퀘어
01690235,446150,유안타제12호기업인수목적
00232007,042940,상지건설
00469799,074610,이엔플러스
00244747,140860,파크시스템스
01067808,217270,넵튠
01136001,286750,나노실리칸첨단소재
01109690,227420,도부
00409788,083650,비에이치아이
01957282,950250,테라뷰
00166227,006060,화승인더스트리
00728638,105630,한세실업
00348292,047080,한빛소프트
01518506,476710,타조이엔터테인먼트
01745173,469610,이노테크
00115472,002670,미주제강
00104698,000680,LS네트웍스
00128175,014190,원익큐브
00112059,001290,상상인증권
00131896,003100,선광
00112651,012800,대창
00139153,038110,에코플라스틱
00115977,010780,아이에스동서
00117300,002710,TCC스틸
00155452,023900,풍국주정
00118345,001530,디아이동일
00198192,037230,한국팩키지
00203209,043340,에쎈테크
00140061,022220,티케이지애강
00268118,036690,코맥스
00156859,030210,다올투자증권
00307222,057030,YBM넷
01228515,270520,앱튼
01569102,388790,라이콤
01222113,450520,인스웨이브
01383779,475660,에스켐
00113526,003490,대한항공
00227333,033640,네패스
00129420,013700,까뮤이앤씨
00229030,354320,알멕
00132637,014820,동원시스템즈
00230911,036640,HRS
00133706,027970,한국제지
00138190,001250,GS글로벌
00318316,045390,대아티아이
00364740,100590,머큐리
00139454,018250,애경산업
00366137,151860,KG에코솔루션
00139889,011790,SKC
00389998,066980,한성크린텍
00141875,006090,사조오양
00145446,008250,이건산업
00492706,109670,씨싸이트
00146083,000230,일동홀딩스
01559637,439580,블루엠텍
01760640,456490,교보14호기업인수목적
00808068,138360,앤로보틱스
01514005,355390,크라우드웍스
00133858,004490,세방전지
00261887,062860,티엘아이
00252269,038880,아이에이
00137359,019170,신풍제약
00100957,012720,건영
00149646,024110,기업은행
00216434,066360,체리부로
00124805,007330,푸른저축은행
00154462,002790,아모레퍼시픽홀딩스
00408266,203450,유니온바이오메트릭스
00624509,187870,디바이스
00347716,051980,중앙첨단소재
00990819,200350,아티스트스튜디오
01309388,322180,LS티라유텍
01751448,457390,대신밸런스제15호기업인수목적
00525642,102940,코오롱생명과학
00148896,010060,OCI홀딩스
00153621,009310,참엔지니어링
00540571,096870,엘디티
00153861,009410,태영건설
00541163,091120,이엠텍
00159023,017670,SK텔레콤
00569691,092070,디엔에프
00162586,009420,한올바이오파마
00572905,095340,ISC
00163114,007860,서연
00611736,092870,엑시콘
00164636,012630,HDC
00327396,082210,옵트론텍
00127875,014950,삼익제약
00100601,114190,강원에너지
01096341,225570,넥슨게임즈
00959210,448710,코츠테크놀로지
01596920,476830,알지노믹스
00234412,031430,신세계인터내셔날
00407975,068420,엔터미디어
00406392,138250,엔에스쇼핑
01416235,950190,고스트스튜디오
00384948,290380,대유
00583026,072770,멤레이비티
00989619,196170,알테오젠
01190780,266870,파워풀엑스
01456011,376300,디어유
01701328,448760,아이비케이에스제22호기업인수목적
01627363,490470,세미파이브
00125664,012210,삼미금속
01958111,0088D0,메리츠제1호스팩
01135084,365330,에스와이스틸텍
00531829,179290,엠아이텍
00190756,067900,와이엔텍
00301246,036540,SFA반도체
00356927,054630,에이디칩스
00109189,008060,대덕
00126937,000070,삼양홀딩스
00362122,137080,나래나노텍
00231691,032800,판타지오
00151395,000650,천일고속
00579999,098460,고영
01319808,300720,한일시멘트
01963140,0129K0,신한제18호스팩
01391033,338100,NH프라임리츠
01130849,290560,파라택시스이더리움
00185505,052670,제일바이오
00209443,033660,우리금융캐피탈
00957568,214310,로아앤코
00176835,054050,NH농우바이오
00513948,142280,녹십자엠에스
00110884,032790,엠젠솔루션
00495633,146060,율촌
00323868,053580,웹케시
00250614,054540,삼영엠텍
00268002,036630,세종텔레콤
00317487,043220,티에스넥스젠
01062177,225220,제놀루션
01396676,333430,일승
00248053,037640,지에스엔텍
00494546,352910,오비고
01168383,249420,일동제약
00565215,243870,아이티센코어
00111227,006580,대양제지공업
00116408,025950,동신건설
00442561,073540,에프알텍
00142713,011080,형지I&C
00136721,001720,신영증권
00186939,026150,특수건설
00442835,090370,메타랩스
01263527,284620,카이노스메드
01341630,296640,이노에이엑스
01267958,303360,프로티아
01775952,464440,한국제13호기업인수목적
01199727,252990,샘씨엔에스
01011872,238170,엔에스엠
01218299,448280,에코아이
01286476,474610,RF시스템즈
01405451,347860,알체라
01780608,0088M0,메쥬
00116426,009730,이렘
00112022,024890,대원화성
00105280,005440,현대지에프홀딩스
00187415,041960,코미팜
00606664,105330,케이엔더블유
00128546,000250,삼천당제약
01051092,241820,피씨엘
00238782,032190,다우데이타
01593668,321370,센서뷰
01011395,294140,레몬
01722437,452260,한화갤러리아
00364254,085810,알티캐스트
00148993,000140,하이트진로홀딩스
00867478,154030,아시아종묘
01381805,0015N0,아로마티카
00117212,000150,두산
01030132,192520,경남은행
00122056,003650,미창석유공업
01516933,0001A0,덕양에너젠
00357430,049960,쎌바이오텍
00104722,002720,국제약품
00112378,000040,KR모터스
00117337,001520,동양
00118451,002690,동일제강
00188973,061250,화일약품
00159740,001940,KISCO홀딩스
00160047,000240,한국앤컴퍼니
00203582,025750,한솔홈데코
00205687,032860,더라미
00305668,075180,새론오토모티브
00243067,014470,부방
00131018,018680,서울제약
01160363,247540,에코프로비엠
01884065,0004Y0,디비금융제14호스팩
01906552,0041J0,엘에스스팩1호
00149594,023760,한국캐피탈
01311286,317690,퀀타매트릭스
00136101,021880,메이슨캐피탈
00151605,013720,청보
01353848,279060,이노벡스
00350048,052420,오성첨단소재
00577593,153890,져스텍
00122737,028670,팬오션
01336443,310870,디와이씨
01108248,228760,지노믹트리
01657197,489460,바이오비쥬
00293886,044340,위닉스
01118643,238500,솔루믹스
01332137,283100,노보믹스
00870065,177900,쓰리에이로직스
00280688,046140,스튜디오에스
01854763,487570,HS효성
00353610,053350,이니텍
00925967,232530,이엠티
00379229,060540,에스에이티
00412348,061970,LB세미콘
00455875,079000,와토스코리아
00491938,130500,GH신소재
01190124,279600,미디어젠
01365825,319660,피에스케이
01586455,407400,꿈비
01685677,394420,리센스메디컬
00181934,051310,플랜텍
00523307,068240,다원시스
01262023,253610,루트락
00415868,087010,펩트론
00533003,105740,디케이락
00168331,005320,온타이드
00238001,033560,블루콤
00164645,011200,HMM
00964595,317870,엔바이오니아
01467451,418470,KT밀리의서재
01414422,339950,아이비김영
00136457,002360,SH에너지화학
00126955,003230,삼양식품
01675254,439410,엔에이치기업인수목적26호
01516456,389470,인벤티지랩
00243988,033630,에스케이브로드밴드
01035289,204210,제이케이리버스톤자기관리부동산투자회사
00113261,010170,대한광통신
00808086,196300,HLB펩
00101257,000800,경남기업
00305941,145170,노브랜드
00134477,003570,SNT다이내믹스
01985203,0132G0,교보20호스팩
00409140,088290,이원컴포텍
00526836,095500,미래나노텍
00344287,042670,에이치디현대인프라코어
00616962,277070,린드먼아시아
00480048,080420,모다이노칩
01683387,442900,미래에셋드림기업인수목적1호
00172079,046210,HLB파나진
00263140,046400,휴스토리
00389110,051160,지어소프트
00116268,002210,동성제약
01032404,200130,콜마비앤에이치
01344363,323350,다원넥스뷰
00241005,138490,코오롱이앤피
00542074,091970,LSK아이로봇
01027794,251630,브이원텍
01262032,286940,롯데이노베이트
01413371,343090,에이치엘비사이언스
00118460,019300,태림페이퍼
00129411,000360,삼환기업
00206659,054210,이랜텍
01674538,437780,엔에이치기업인수목적24호
01669475,435620,하나금융25호기업인수목적
00219848,035890,서희건설
00628189,095720,웅진씽크빅
00255105,038530,케이바이오랩스
00132868,011300,우성머티리얼스
00442905,104040,디에스엠
00182696,439260,대한조선
01529982,388210,씨엠티엑스
00614089,234070,에이원큐브텍
01258428,334970,프레스티지바이오로직스
00124027,011390,부산산업
00362292,060590,씨티씨바이오
00425254,257990,나우코스
00982023,257720,실리콘투
00148531,023440,제이스코홀딩스
01179608,256630,포인트엔지니어링
01394669,332290,누보
00185301,0010V0,제이피아이헬스케어
01910759,0044K0,삼성스팩10호
01717170,452670,상상인제4호기업인수목적
00159810,006380,카프로
00186452,029480,광무
00602172,251370,와이엠티
00677486,0015G0,그린광학
00136925,017000,신원종합개발
01091054,222420,쎄노텍
00989664,166480,코아스템켐온
01042085,205100,엑셈
01563667,462860,더즌
01182444,268600,셀리버리
01945339,0091W0,신영스팩11호
01965333,0120G0,삼양바이오팜
00306719,069510,에스텍
00653103,151910,퓨처코어
00143651,016880,웅진
00226866,049070,인탑스
00450010,308170,씨티알모빌리티
01803635,488280,에스투더블유
01319899,302440,SK바이오사이언스
00115384,007590,동방아그로
00402989,069110,유한코스메틱
01182578,290120,DH오토리드
00541862,202960,판도라티비
01674468,438580,엔에이치기업인수목적25호
01432598,340450,지씨지놈
00132488,012580,신세계톰보이
00526872,086890,이수앱지스
00815767,123420,위메이드플레이
00204226,032680,소프트센
01786514,468510,삼성기업인수목적9호
00136095,031920,조은저축은행
00476498,078340,컴투스
00968607,475560,더본코리아
01010110,192080,더블유게임즈
01099861,224110,에이텍모빌리티
00607496,452190,한빛레이저
01137383,293490,카카오게임즈
01140837,377330,이지트로닉스
00242712,037950,엘컴텍
01515323,373220,LG에너지솔루션
00339072,054300,팬스타엔터프라이즈
00983271,181710,NHN
00215976,038340,무궁화인포메이션테크놀로지
01109715,241520,DSC인베스트먼트
00545114,084650,랩지노믹스
01309069,346010,타이드
00295857,046070,코다코
00133991,019440,세아특수강
00390903,065680,우주일렉트로
00585219,091090,세원이앤씨
01810477,486990,노타
00349732,052400,코나아이
00108001,091590,남화토건
00136776,025620,차AI헬스케어
00391197,065650,하이퍼코퍼레이션
00146214,003120,일성아이에스
01061497,214270,FSN
00358271,056190,SFA
01467503,462310,뉴키즈온
00159218,051600,한전KPS
00292434,048530,인트론바이오
01590980,444530,심플랫폼
01524093,375500,DL이앤씨
00480950,093230,이아이디
00347734,051630,진양화학
01195828,311840,대원모방
01344831,315640,딥노이드
00109286,000490,대동
00977696,194510,넥스쳐
00118804,005290,동진쎄미켐
01506990,380540,옵티코어
01047707,208710,포톤
00273420,047560,이스트소프트
00397058,058630,엠게임
00112970,001070,대한방직
01090471,222080,SFA넥셀
01288827,403870,HPSP
00661157,150840,인트로메딕
01935183,0071M0,삼성스팩11호
00531078,084440,유비온
00972293,208340,파멥신
00129387,000390,SP삼화
01384787,462870,시프트업
00311216,044990,에이치엔에스하이텍
00843900,191410,육일씨엔에쓰
01215618,273640,와이엠텍
00110583,025440,DH오토웨어
00616290,123570,이엠넷
00133317,026220,에스티씨라이프
00403766,062970,한국첨단소재
01498974,445680,큐리옥스바이오시스템즈
00526678,099410,동방선기
00370918,221980,케이디켐
00273439,041920,메디아나
00470829,070590,인티큐브
00977377,203400,에이비온
00453488,145210,다이나믹디자인
01656374,430220,신영해피투모로우제8호기업인수목적
01267602,287410,제이시스메디칼
00155948,033290,로젠
00874797,456700,길교이앤씨
00160588,000880,한화
01325429,306620,지아이에스
00162911,005860,한일사료
01680131,447690,아이오바이오
00106395,001210,금호전기
00139719,019210,와이지-원
01379563,458350,에스팀
00362201,100700,세운메디칼
01689938,445970,신영해피투모로우제9호기업인수목적
00112004,003190,알앤엘재생의학연구소
00862880,107600,새빗켐
00961507,258610,케일럼
00876908,118990,모트렉스
00444329,112040,위메이드
00482426,101930,인화정공
00367844,317400,자이에스앤디
01179617,256840,한국비엔씨
01257872,288620,에스프리즘
00563837,159580,제로투세븐
01787355,478340,나라스페이스테크놀로지
00139834,064400,LG씨엔에스
00341314,059180,엔더블유시
01948220,0099W0,미래에셋비전스팩11호
01949195,0101C0,하나36호스팩
00547583,086790,하나금융지주
00140131,020120,키다리스튜디오
00158325,030190,NICE평가정보
00445869,121060,유니포인트
00159500,023350,한국종합기술
00138367,023770,플레이위드
00257149,036180,지더블유바이텍
00103547,018620,우진비앤지
00543204,078860,아이오케이이엔엠
01207716,129890,앱코
00369213,039980,폴라리스AI
00143226,033310,엠투엔
00340096,100790,미래에셋벤처투자
00166528,100660,서암기계공업
00199076,032960,동일기연
01989041,0165X0,메리츠제2호스팩
00175623,050120,ES큐브
01370322,0013V0,삼진식품
00904672,251270,넷마블
00193009,033180,케이에이치필룩스
01012640,298830,슈어소프트테크
00104120,026910,광진실업
01524507,291810,핀텔
00818472,160600,이큐셀
00651017,293580,나우IB
00111847,000430,대원강업
00980043,148780,비큐AI
01071041,311690,CJ 바이오사이언스
00876166,318000,KBG
01954832,0105P0,유진스팩12호
00307189,057500,에스케이엔펄스
00138206,012650,쌍용건설
01934935,0072Z0,KB제33호스팩
00103592,009290,광동제약
01235296,299660,셀리드
00164609,010620,에이치디현대미포
00949161,217590,티엠씨
00591441,102120,어보브반도체
00108746,015590,DKME
00397289,067170,오텍
00550082,210120,캔버스엔
00781202,900100,파이온엑스
01336373,235980,메드팩토
00600013,094800,맵스리얼티
00109693,000210,DL
00628860,095660,네오위즈
00920731,487400,케이앤에스아이앤씨
00252135,036930,주성엔지니어링
00407771,073190,듀오백
00107066,001260,남광토건
00258102,065060,지엔코
00265041,036670,삼양케이씨아이
00367695,060900,에이전트AI
00765569,420770,기가비스
01187148,263700,케어랩스
01276901,291230,컴투스엔
00145437,012170,아센디오
00428729,069460,대호에이엘
00537221,216400,인바이츠바이오코아
00537337,092600,앤씨앤
00118026,006040,동원산업
00276083,033790,피노
00117179,013570,디와이
01309795,297570,아틀라스링크
01368637,340930,성원에너텍
00118521,011000,진원생명과학
00867034,176750,듀켐바이오
01042429,205500,넥써쓰
01924673,238540,나노솔루션
00683007,070300,퀀텀레일
00876643,198080,캐프
01010615,061090,세나테크놀로지
01070149,244460,올리패스
00180865,031860,디에이치엑스컴퍼니
00205003,033340,좋은사람들
00236863,037440,희림
01022902,179530,애드바이오텍
01428948,342870,오아
00229085,282620,기도산업
02042949,0220W0,한화머시너리앤서비스홀딩스
01230255,276730,한울앤제주
01491607,368970,오에스피
00531865,241690,유니테크노
01501764,387690,레메디
00684714,103140,풍산
00145668,001840,이화공영
00172291,012510,더존비즈온
01359736,321260,프로이천
01497142,373170,엠아이큐브솔루션
00110750,019570,GMI벤처
00125488,014970,삼륭물산
01791321,469880,하나30호기업인수목적
00532855,080720,한국유니온제약
00269940,039130,하나투어
00995993,180400,DXVX
00269241,044380,주연테크
00361594,068790,DMS
01073261,240550,동방메디컬
00117267,082640,동양생명보험
01110678,263050,유틸렉스
01182550,245620,EDGC
01327092,317120,라닉스
00111689,009320,아진전자부품
00357607,054410,케이피티유
00545716,089860,롯데렌탈
00157539,024120,KB오토시스
00980122,175330,JB금융지주
01845701,482520,교보16호스팩
01323032,381970,케이카
01060735,223220,로지스몬
00133618,002420,우양피앤엘
00426068,069920,엑시온그룹
00454937,090410,덕신이피씨
00861997,175140,아고스
01792825,471050,대신밸런스제17호기업인수목적
00255619,035250,강원랜드
00104573,078130,국일제지
00540605,084680,이월드
00331016,064850,에프앤가이드
00406329,038060,루멘스
00516246,096610,알에프세미
01480708,376270,HEM파마
01344336,226330,신테카바이오
00349811,052300,오션인더블유
01573284,391710,코닉오토메이션
00104999,008600,윌비스
00274933,031440,신세계푸드
01036367,203690,아크솔루션스
01188378,269620,시스웍
01947443,0155E0,해치텍
01336735,327610,펨토바이오메드
00120906,065420,에스아이리소스
00474588,107640,한중엔시에스
01116502,321820,아티스트컴퍼니
01267222,317530,에피소드컴퍼니
00393469,065560,메티스
01669226,451800,한화리츠
00308559,080530,코디
01061327,214150,클래시스
00610861,169670,코스텍시스템
01831708,0203K0,송우인포텍
00204262,030520,한컴
00367871,352940,인바이오
01065013,215380,콜마바이오텍
01391103,337930,젝시믹스
00373571,060240,스타코링크
00624244,0156T0,에이치엘지노믹스
01370517,475040,스트라드비젼
00121932,002840,미원상사
01226234,338840,와이바이오로직스
01335453,309930,조이웍스앤코
01424261,365660,레몬헬스케어
00965318,274400,이노시뮬레이션
00209780,029460,케이씨
00146427,058450,한주에이알티
00303192,066900,디에이피
00167208,003280,흥아해운
00260745,036120,서울평가정보
01516766,469750,아이비젼웍스
00210856,071950,코아스
00118008,018500,동원모빌리티
01352575,289170,바이오텐
01444380,355690,에이텀
00122579,001460,BYC
00415646,192650,드림텍
00135917,000370,한화손해보험
00939942,189690,포시에스
01860010,332190,오션스바이오
00163761,009460,한창제지
00599957,094840,슈프리마에이치큐
00961774,179900,유티아이
01075126,223310,사토시홀딩스
01138364,403850,더핑크퐁컴퍼니
00258421,035460,기산텔레콤
00103130,009810,MDS스피어
00111111,009190,대양금속
00760971,259960,크래프톤
01124653,236200,슈프리마
01136348,242040,나무AX
00769158,272110,케이엔제이
00122825,006490,프리티
00527464,072990,에이치시티
00109806,004440,삼일씨엔에스
00814786,131100,티엔엔터테인먼트
01130885,266470,바이오인프라생명과학
00111421,005870,휴니드테크놀러지스
00155586,024850,HLB이노베이션
00390365,051360,토비스
00145862,034590,인천도시가스
00620558,195990,루트K
00829380,128660,피제이메탈
00915508,148250,알엔투테크놀로지
01234507,267980,매일유업
00217947,034300,신세계건설
00164618,016790,현대사료
00120182,005940,NH투자증권
00304915,190650,코리아에셋투자증권
00120872,001080,만호제강
00525864,237750,피앤씨테크
00693651,121800,비덴트
00959229,258830,세종메디칼
00985686,182360,큐브엔터
01182259,314140,알피바이오
01802928,439960,코스모로보틱스
00609634,101390,아이엠
01207761,227100,프로브잇
00536329,106520,노블엠앤비
00232089,032980,바이온
01379129,0039P0,매드업
00113535,005880,대한해운
00346911,052770,아이톡시
00481454,073240,금호타이어
00351092,053700,삼보모터스
00351579,049470,비트플래닛
01037542,222160,엔피엑스
00681142,102280,쌍방울
00351454,043090,더테크놀로지
00811372,194700,노바렉스
00527491,101670,하이드로리튬
00261656,049550,잉크테크
00112332,085620,미래에셋생명
00130587,027040,서울전자통신
00412597,057050,현대홈쇼핑
01366000,323280,태성
00352499,042500,링네트
01085442,212310,오건에코텍
00126089,000300,DH오토넥스
01315042,340810,시선AI
01351080,358570,지아이이노베이션
00261285,036460,한국가스공사
00117072,005900,동양건설산업
00129013,011150,CJ씨푸드
00615723,123010,MSDI
01208885,267290,경동도시가스
00657224,461300,아이스크림미디어
00875307,255440,야스
01588897,417030,니어스랩
00105475,053260,금강철강
00119672,016740,두올
00158307,071840,롯데하이마트
00694942,115610,이미지스
00793155,220180,폴라리스AI핸디
01290248,276040,스코넥
01718407,478560,블랙야크아이앤씨
00199252,028300,HLB
01196313,263770,유에스티
01159233,248070,솔루엠
00406037,083660,CSA 코스믹
01026616,221800,지구홀딩스
00149804,002880,디와이에이
01064069,215480,토박스코리아
00936787,161000,애경케미칼
01326792,307870,비투엔
01336762,347700,스피어
01364297,322780,코퍼스코리아
01276327,299900,위지윅스튜디오
02031369,950260,인제니아테라퓨틱스
00103662,017040,광명전기
00249441,066790,씨씨에스
00542898,106080,케이이엠텍
00556615,087260,모바일어플라이언스
00146542,008500,일정실업
01307335,366030,나인앤컴퍼니
01029394,230360,에코마케팅
01987779,0164H0,한국제16호스팩
01626391,476040,오가노이드사이언스
00307028,053950,경남제약
00125725,016670,디모아
00605522,290690,아리바이오홀딩스
02038566,0218L0,네오뷰
01785700,467930,아이비케이에스제23호기업인수목적
01689035,452200,민테크
00106641,000270,기아
00396925,058970,엠로
01084364,208860,다산디엠씨
00264635,038680,에스넷
00249247,037270,YG PLUS
01419135,344860,이노진
01514227,458870,씨어스
00263371,039340,한국경제TV
00261373,038290,마크로젠
00201432,054220,비츠로시스
01728167,462980,아이지넷
01141599,261780,아리바이오LAB
00828497,128940,한미약품
00145880,004020,현대제철
00534701,396300,HT로보틱스
00595182,158430,아톤
01586923,386380,스카이랩스
00243979,084180,수성웹툰
00113492,004540,깨끗한나라
01265251,291650,츌립앤사이언스
01461730,483350,딜리셔스
00165680,008770,호텔신라
00642541,127120,제이에스링크
