cik,sic
1750,3720.0
1800,2834.0
2098,3420.0
2186,3663.0
2488,3674.0
2809,1040.0
2969,2810.0
3197,3564.0
3453,4400.0
3499,6798.0
3545,100.0
3570,4924.0
4127,3674.0
4281,3350.0
4457,7510.0
4904,4911.0
4962,6199.0
4977,6321.0
5272,6331.0
5513,6321.0
5981,2870.0
6176,3561.0
6201,4512.0
6207,6552.0
6281,3674.0
6845,3231.0
6951,3674.0
6955,3590.0
7084,2070.0
7431,3089.0
7536,5065.0
7623,3523.0
7789,6022.0
8063,3728.0
8146,3577.0
8177,6311.0
8504,3721.0
8670,7374.0
8818,2670.0
8858,5065.0
8947,3470.0
9092,3824.0
9326,2800.0
9389,3411.0
10048,1311.0
10329,2511.0
10456,3841.0
10795,3841.0
11544,6331.0
12040,5812.0
12208,3826.0
12239,6211.0
12659,7200.0
12927,3721.0
13156,7900.0
14177,2013.0
14272,2834.0
14693,2080.0
14707,3140.0
14846,6798.0
14930,3510.0
15615,1623.0
15847,7990.0
16040,2890.0
16058,7373.0
16160,200.0
16732,2000.0
16918,2080.0
17313,
17843,3312.0
18230,3531.0
18255,5621.0
18498,5661.0
18926,4813.0
19584,8082.0
19617,6021.0
19745,4923.0
19871,3540.0
20212,7948.0
20286,6331.0
20639,6512.0
21076,2842.0
21175,6331.0
21344,2080.0
21535,3825.0
21665,2844.0
22356,6022.0
22444,3312.0
22701,1700.0
23194,1311.0
23197,3663.0
23217,2000.0
23795,6798.0
24090,6311.0
24545,2082.0
24741,3357.0
25232,6798.0
25445,3490.0
25475,6411.0
25743,2834.0
25895,2211.0
26058,3672.0
26172,3510.0
26324,3590.0
26780,3714.0
27093,1000.0
27419,5331.0
27904,4512.0
27996,2780.0
28823,3578.0
28917,5311.0
29002,3674.0
29332,2273.0
29534,5331.0
29644,3564.0
29905,3530.0
29989,7311.0
30305,3728.0
30554,2820.0
30625,3561.0
30697,5810.0
31107,3420.0
31235,3861.0
31462,2840.0
31667,5190.0
31791,3826.0
32604,3600.0
32621,3651.0
33002,2761.0
33185,7320.0
33213,1311.0
33488,3949.0
33533,3679.0
33992,6331.0
34067,3390.0
34285,7363.0
34782,6022.0
34903,6798.0
34956,2834.0
35527,6022.0
36029,6022.0
36104,6021.0
36146,6021.0
36270,6022.0
36377,6022.0
36840,6798.0
36966,6021.0
37472,2510.0
37785,2800.0
37808,6021.0
37996,3711.0
38264,6199.0
38725,3621.0
38777,6282.0
39020,3825.0
39092,3310.0
39263,6021.0
39311,6022.0
39368,2891.0
39911,5651.0
40211,4700.0
40533,3730.0
40545,3600.0
40570,7361.0
40704,2040.0
40729,6022.0
40987,5013.0
41719,2621.0
42582,3011.0
42682,3561.0
42888,3561.0
43196,4833.0
43920,3412.0
45012,1389.0
45919,7331.0
46080,3944.0
46129,3825.0
46195,6022.0
46250,5160.0
46619,3724.0
46765,1381.0
47111,2060.0
47217,3570.0
48287,2522.0
48465,2011.0
48898,3670.0
49071,6324.0
49196,6021.0
49600,6798.0
49754,5812.0
49826,3560.0
50292,3678.0
50471,7374.0
50493,5411.0
50725,3442.0
50863,3674.0
51143,3570.0
51253,2860.0
51434,2621.0
52827,6798.0
52988,1600.0
54187,6512.0
55135,7363.0
55234,7990.0
55242,3541.0
55529,3821.0
55785,2670.0
56047,4400.0
56679,7361.0
56701,3651.0
56868,1311.0
56873,5411.0
56978,3674.0
57131,2510.0
57515,2030.0
58361,2711.0
58492,2510.0
59255,2810.0
59478,2834.0
59527,3540.0
59558,6311.0
60086,6331.0
60519,2400.0
60667,5211.0
60714,2810.0
61004,3679.0
61986,3531.0
62234,7830.0
62709,6411.0
62996,3430.0
63276,3942.0
63296,3360.0
63330,6500.0
63754,2090.0
63908,5812.0
64040,7320.0
64463,6199.0
64472,3531.0
64803,5912.0
64996,6331.0
65172,6795.0
65270,3678.0
65312,7200.0
65596,6211.0
65770,3679.0
65984,4911.0
66004,4941.0
66382,2520.0
66418,1311.0
66570,3842.0
66740,3841.0
67215,1623.0
67347,3714.0
67716,1400.0
67887,3590.0
68505,3663.0
68622,4813.0
69422,6513.0
69488,3089.0
69633,3669.0
69733,5812.0
69891,2086.0
70145,4924.0
70318,8062.0
70487,8731.0
70502,6159.0
70858,6021.0
70866,3578.0
71557,4813.0
71691,2711.0
71829,7350.0
72162,2810.0
72205,2451.0
72331,3569.0
72444,2836.0
72573,3873.0
72741,4911.0
72903,4931.0
72971,6021.0
73124,6022.0
73290,2835.0
73309,3312.0
73756,1389.0
74046,3990.0
74208,6798.0
74260,6351.0
74303,2800.0
75252,5047.0
75288,2320.0
75362,3711.0
75677,2650.0
76267,3728.0
76282,3460.0
76334,3490.0
76605,3714.0
77360,3550.0
77476,2080.0
77543,1540.0
78003,2834.0
78128,4941.0
78239,2320.0
78749,7373.0
78814,3579.0
78890,4731.0
79282,6411.0
79661,6552.0
79879,2851.0
80035,1623.0
80172,3480.0
80420,3613.0
80424,2840.0
80661,6331.0
81362,2990.0
81955,
82020,1400.0
82473,6798.0
82811,3569.0
83350,1311.0
84112,3669.0
84246,6331.0
84748,2821.0
84839,7340.0
85535,6795.0
85961,7510.0
86115,6799.0
86312,6331.0
87050,3679.0
87347,1389.0
87802,3826.0
88000,6282.0
88121,5150.0
88205,3540.0
88941,3674.0
88948,2033.0
89089,7200.0
89439,3350.0
89800,5200.0
90168,3724.0
90498,6021.0
90896,2451.0
91142,3630.0
91388,2011.0
91419,2033.0
91440,3420.0
91576,6021.0
91668,3674.0
91767,2650.0
92103,4911.0
92122,4911.0
92230,6021.0
92380,4512.0
93314,2835.0
93389,3714.0
93410,2911.0
93556,3420.0
93751,6022.0
94049,2840.0
94344,6361.0
94845,2300.0
95029,3480.0
95574,2300.0
95953,2800.0
96021,5140.0
96223,6211.0
96536,3569.0
96869,6500.0
96943,3841.0
97134,3580.0
97210,3825.0
97216,3537.0
97476,3674.0
97745,3829.0
98222,4400.0
98362,3562.0
98677,2060.0
99302,3825.0
99780,3743.0
100378,3560.0
100493,2015.0
100517,4512.0
100591,1700.0
100726,2200.0
100885,4011.0
101199,6331.0
101295,2844.0
101382,6021.0
101538,3330.0
101594,1311.0
101829,3724.0
101984,3651.0
102037,5150.0
102109,5065.0
102212,6022.0
102729,3440.0
102752,8711.0
103145,3559.0
103379,2320.0
103595,5411.0
103730,3670.0
104169,5331.0
104889,8200.0
104894,6798.0
104918,4931.0
105016,5070.0
105132,2890.0
105319,7200.0
105418,5411.0
105634,1731.0
105744,1311.0
105770,3841.0
106040,3572.0
106532,5130.0
106535,6798.0
106640,3630.0
107140,2731.0
107263,4922.0
107687,3716.0
107815,4911.0
108312,3620.0
108385,6141.0
108516,3310.0
108985,4941.0
109177,3690.0
109198,5651.0
109380,6021.0
109563,5080.0
109657,2834.0
110471,3140.0
110621,2851.0
200406,2834.0
202058,3812.0
202947,6519.0
203596,6021.0
215466,1040.0
216085,5712.0
216228,3561.0
217346,3720.0
230557,6331.0
275053,2834.0
275880,7373.0
276720,4941.0
277135,5000.0
277509,3711.0
277948,4011.0
278165,7373.0
278166,2451.0
310142,2860.0
310158,2834.0
310354,3580.0
310522,6111.0
310764,3841.0
311094,6021.0
312257,5141.0
313143,3841.0
313616,3823.0
313927,2840.0
314203,1040.0
314227,2860.0
314489,6022.0
314808,1381.0
315189,3523.0
315213,7363.0
315293,6411.0
315374,3823.0
315545,2834.0
315709,6022.0
315852,1311.0
315958,7320.0
316709,6211.0
317540,2086.0
317788,6794.0
318154,2836.0
318299,7389.0
318300,6022.0
318306,2834.0
318673,6199.0
318833,7600.0
319201,3827.0
320017,2834.0
320121,7373.0
320187,3021.0
320193,3571.0
320335,6311.0
350698,5500.0
350852,6022.0
350894,6211.0
351569,6022.0
351998,3825.0
352541,4931.0
352825,5051.0
352915,8062.0
352955,1311.0
352991,6500.0
353184,4513.0
354190,6411.0
354647,6022.0
354707,4911.0
354950,5211.0
354963,4813.0
355811,3714.0
355948,5065.0
356037,7373.0
356171,6022.0
356309,4924.0
357173,6022.0
357294,1531.0
357301,6022.0
700564,6021.0
700565,6022.0
700841,7363.0
700923,1623.0
701347,6022.0
701719,5944.0
701985,5990.0
702165,4011.0
703351,5812.0
703604,5080.0
704440,3841.0
704532,3829.0
705432,6022.0
706129,6022.0
706698,3841.0
706863,6022.0
707179,6021.0
707549,3559.0
707605,6021.0
708781,7389.0
708821,3578.0
708955,6021.0
709005,5812.0
709283,3572.0
709337,6022.0
711034,1000.0
711377,2835.0
711404,3851.0
711669,6022.0
712034,2780.0
712534,6021.0
712537,6021.0
712770,6798.0
712771,6022.0
713676,6021.0
714256,3842.0
714310,6021.0
714395,6022.0
714562,6022.0
714712,6022.0
715072,6022.0
715446,2834.0
715579,6022.0
715787,2273.0
715957,4911.0
716314,3560.0
716634,7830.0
716643,7200.0
717423,1311.0
717538,6021.0
717605,2821.0
717720,6282.0
717806,6022.0
717954,7200.0
718332,5140.0
718413,6021.0
718937,3851.0
719135,3841.0
719220,6022.0
719402,6022.0
719413,1400.0
719733,3672.0
719955,5700.0
720005,6211.0
720500,3559.0
720672,6211.0
720762,3760.0
720858,6361.0
721371,5122.0
721693,7389.0
721994,6022.0
722313,3679.0
722572,3661.0
723125,3674.0
723188,6021.0
723254,2320.0
723531,8700.0
723533,8742.0
723603,2211.0
723612,7510.0
723646,6022.0
724004,3823.0
724445,2835.0
724742,6512.0
724910,3674.0
725363,2836.0
725394,7363.0
726601,6022.0
726728,6798.0
726854,6021.0
726958,5500.0
727273,4941.0
727346,6798.0
727510,2836.0
728385,3829.0
728387,2834.0
728535,4213.0
729580,3677.0
729986,6022.0
730263,3716.0
730272,2836.0
730349,2024.0
730464,8200.0
730708,6022.0
731012,8050.0
731122,6022.0
731653,6022.0
731766,6324.0
731802,4924.0
732026,3559.0
732417,6022.0
732712,4813.0
732717,4813.0
733269,7374.0
733590,6798.0
736012,3576.0
736772,6022.0
737468,6022.0
737758,3524.0
737875,6022.0
738214,2860.0
739421,6022.0
740260,6798.0
740664,3678.0
740806,6022.0
742278,1389.0
743367,6022.0
744187,2860.0
744218,2835.0
744452,6199.0
744825,8071.0
745308,6552.0
745732,5651.0
746210,7370.0
746514,6513.0
746515,4731.0
746598,3990.0
746838,7373.0
747540,5065.0
748268,7372.0
748592,2834.0
749098,3714.0
749251,8741.0
749647,2834.0
750004,7373.0
750558,6022.0
750574,6022.0
750577,6022.0
750686,6021.0
751364,6798.0
751365,2531.0
751978,3679.0
752642,6798.0
752714,7359.0
753308,4911.0
754811,6282.0
755001,4931.0
759944,6022.0
760498,6021.0
761648,6798.0
763532,3640.0
763563,6022.0
763744,3714.0
763901,6022.0
763907,6021.0
764038,6022.0
764065,1000.0
764180,2111.0
764401,3310.0
764478,5731.0
764622,4911.0
764630,3690.0
765207,6021.0
765880,6798.0
766421,4512.0
766704,6798.0
766792,3559.0
766829,4941.0
767405,6022.0
768408,2833.0
768899,7363.0
769397,7372.0
769520,3580.0
770460,6022.0
771266,3674.0
771497,7340.0
771856,2836.0
771999,2650.0
772406,3674.0
773717,1400.0
773840,3724.0
774415,7380.0
775057,1311.0
775158,3711.0
775215,6022.0
776867,6331.0
776901,6022.0
778164,2860.0
779152,7373.0
779544,5812.0
780571,3825.0
783324,1040.0
783325,4931.0
783412,2711.0
784199,3841.0
784539,5065.0
784977,4911.0
785161,8060.0
785557,7363.0
785786,3672.0
785956,2052.0
787253,2833.0
788329,3949.0
788611,4700.0
788784,4931.0
788920,3841.0
788965,4911.0
789019,7372.0
789460,5172.0
789570,7011.0
789933,1221.0
790051,3060.0
790273,3663.0
790359,6021.0
790526,8071.0
790816,6798.0
791963,6211.0
792966,6035.0
792987,3531.0
793074,4213.0
793306,1311.0
793524,6794.0
793733,4512.0
793952,3751.0
794170,1531.0
794367,5311.0
795266,1531.0
795403,3490.0
796343,7372.0
796505,3661.0
796534,6021.0
797465,6798.0
797468,1311.0
797542,7372.0
797564,2834.0
797721,4899.0
798081,3842.0
798287,4213.0
798354,7389.0
798359,6798.0
798528,4400.0
798783,6798.0
798941,6022.0
799165,1382.0
799167,4213.0
799233,4213.0
799288,5651.0
799292,1531.0
799850,5500.0
800457,6331.0
802257,7370.0
802481,2015.0
803016,6021.0
803164,6022.0
803578,7372.0
804328,3663.0
805676,6021.0
805928,3845.0
806172,3559.0
807863,3577.0
807882,5812.0
808439,3724.0
810136,3674.0
810332,4512.0
810958,6022.0
811156,4931.0
811222,8011.0
811589,6022.0
811596,3350.0
811641,2835.0
811830,6021.0
812011,7990.0
812074,3221.0
812152,6770.0
812306,2834.0
812796,2834.0
813298,5651.0
813672,7372.0
813716,2080.0
813762,2911.0
814453,3089.0
814547,7389.0
814585,6351.0
814586,2020.0
814676,3260.0
814926,3640.0
815097,4400.0
815556,5200.0
816761,7372.0
816956,3845.0
817720,3674.0
818033,2834.0
818479,3843.0
818677,6022.0
818686,2834.0
819793,2221.0
819926,7373.0
820027,6282.0
820313,3678.0
820318,3827.0
820771,7822.0
821002,2300.0
821026,5150.0
821130,4812.0
821189,1311.0
821483,1311.0
822370,2834.0
822416,1531.0
822663,2844.0
822818,4955.0
823277,5150.0
823768,4953.0
824142,3585.0
824416,5190.0
825313,6282.0
825324,5812.0
825542,2870.0
826154,6022.0
826253,3690.0
826675,6798.0
827052,4911.0
827054,3674.0
827099,4931.0
827187,2510.0
827876,6199.0
828146,3577.0
828944,6021.0
829224,5810.0
829323,7310.0
829365,6500.0
830616,3620.0
831001,6021.0
831259,1000.0
831609,2833.0
831641,8711.0
832101,3561.0
832428,4833.0
832480,6311.0
832489,2834.0
832988,5944.0
833079,1531.0
833444,3585.0
833640,3674.0
834365,3845.0
835011,5180.0
835324,6022.0
835662,5912.0
836157,3523.0
836564,2836.0
836690,7371.0
837465,3949.0
838875,2080.0
839087,3845.0
839470,1000.0
840489,5900.0
840715,3661.0
842023,2836.0
842162,3714.0
842517,6022.0
842633,3460.0
842717,6022.0
843006,8742.0
844059,6500.0
844856,2100.0
844965,1311.0
844985,3845.0
845385,
845819,4899.0
845877,6111.0
846377,6153.0
846617,6021.0
846913,3564.0
847942,6199.0
849145,7389.0
849146,2834.0
849399,7372.0
849401,3845.0
849869,3411.0
850141,6331.0
850429,3350.0
851205,3823.0
851310,3663.0
851520,8742.0
851968,2273.0
853816,4213.0
854560,6022.0
854775,3576.0
855658,3674.0
855683,3842.0
856982,3841.0
856984,3841.0
857005,7372.0
857855,6022.0
858877,3576.0
859070,6022.0
860413,6022.0
860546,6798.0
860730,8062.0
860731,7372.0
860748,6331.0
861459,1600.0
861842,6022.0
861884,5051.0
862651,7389.0
862668,3845.0
862692,8090.0
862831,6021.0
862861,6221.0
863110,4941.0
863436,3672.0
863894,2834.0
864240,3823.0
864749,3829.0
865752,2086.0
866273,1700.0
866291,3674.0
866374,3672.0
866439,7372.0
866706,3669.0
866729,2731.0
866787,5531.0
866829,1389.0
867038,1311.0
867840,3845.0
868278,2834.0
868671,6022.0
868780,3714.0
868857,8711.0
871763,7363.0
872589,2834.0
872912,3841.0
873303,2834.0
873860,6162.0
874015,2834.0
874238,1600.0
874396,3420.0
874499,1311.0
874501,6351.0
874716,2835.0
874761,4991.0
874766,6331.0
874866,6411.0
875045,2836.0
875320,2834.0
875355,100.0
875357,6021.0
875582,3470.0
875657,3690.0
875729,2870.0
876167,7372.0
876343,2836.0
876427,7500.0
876437,6351.0
876523,5900.0
876779,7372.0
876883,7311.0
877212,3560.0
877860,6798.0
878927,4213.0
878932,
879101,6798.0
879169,8731.0
879407,2834.0
879526,3715.0
879585,4813.0
879635,6022.0
879911,3812.0
880117,2060.0
880242,2800.0
880266,3523.0
880417,6022.0
880631,6211.0
880641,6022.0
880807,3621.0
880984,8711.0
882095,2836.0
882184,1531.0
882291,3841.0
882508,3674.0
882796,2836.0
882835,3823.0
883107,2844.0
883237,6282.0
883241,7372.0
883569,3873.0
883948,6022.0
883975,3841.0
883984,3841.0
884144,7373.0
884219,7990.0
884269,3842.0
884614,4932.0
884624,3841.0
884887,4400.0
885245,5651.0
885275,6021.0
885307,5211.0
885462,2800.0
885508,6552.0
885550,6141.0
885590,2834.0
885639,5311.0
885725,3841.0
885978,8000.0
886128,3620.0
886136,4832.0
886163,2834.0
886206,8741.0
886346,3550.0
886744,2834.0
886982,6211.0
887151,5030.0
887343,6022.0
887359,2836.0
887396,1311.0
887596,5812.0
887733,5190.0
887905,6798.0
887936,8742.0
888491,6798.0
888981,3944.0
889331,3613.0
889348,3728.0
889609,6199.0
889900,1381.0
889971,3674.0
890066,6022.0
890394,3674.0
890541,6029.0
890564,7363.0
890821,2834.0
890926,6351.0
891014,2810.0
891103,7370.0
891166,6331.0
891482,7011.0
891532,4955.0
893538,1311.0
893847,6021.0
893949,8060.0
894158,2834.0
894315,6798.0
894405,4213.0
894501,7373.0
894556,2800.0
894627,1311.0
894671,6022.0
894871,4841.0
895126,1311.0
895417,6798.0
895419,3674.0
895421,6211.0
895447,5661.0
895456,3140.0
895464,3845.0
896156,2511.0
896159,6331.0
896264,2833.0
896493,3533.0
896622,3089.0
896878,7372.0
897077,3523.0
897078,7372.0
897322,3663.0
897448,2834.0
897723,3672.0
898171,6022.0
898173,5531.0
898174,6311.0
898293,3672.0
898437,3841.0
899051,6331.0
899460,2834.0
899629,6798.0
899689,6798.0
899751,3312.0
899923,2835.0
900075,5500.0
901491,5812.0
902791,7363.0
903129,3714.0
903419,6021.0
903651,7374.0
906107,6798.0
906163,1531.0
906345,6798.0
906465,6022.0
906553,7011.0
906709,2834.0
907242,7011.0
907254,6798.0
907471,6021.0
907654,2834.0
908255,3714.0
908259,2834.0
908311,6798.0
908315,5900.0
908937,4832.0
909494,7374.0
909724,3100.0
909832,5331.0
910073,6036.0
910108,6798.0
910329,2090.0
910406,2000.0
910521,3021.0
910606,6798.0
910612,6798.0
910638,7372.0
911147,7011.0
911177,4953.0
911216,2834.0
911421,6321.0
911971,4412.0
912061,5190.0
912093,3674.0
912242,6798.0
912544,5990.0
912562,3310.0
912593,6798.0
912595,6798.0
912615,5651.0
912728,4731.0
912766,8200.0
912767,2421.0
913142,3357.0
913144,6331.0
913241,3140.0
913277,3949.0
913290,4412.0
913341,6022.0
913353,6500.0
913760,6200.0
914122,3564.0
914139,3663.0
914156,3841.0
914208,6282.0
914475,2836.0
915389,2821.0
915779,3990.0
915840,1531.0
915913,2821.0
916076,1400.0
916365,5200.0
916540,2070.0
916789,3634.0
916793,3576.0
916907,6036.0
917225,1040.0
917251,6798.0
917273,3674.0
917520,3841.0
917851,1000.0
918251,3714.0
918541,3540.0
918573,1311.0
918646,3241.0
918965,5045.0
919012,5651.0
919864,6035.0
920148,8071.0
920371,3420.0
920427,6022.0
920522,6798.0
920760,1520.0
921082,6798.0
921114,2836.0
921299,2834.0
921557,6022.0
921582,3861.0
921638,6795.0
921738,7011.0
921825,6798.0
922224,4911.0
922358,5900.0
922621,6411.0
922864,6798.0
923120,3743.0
923601,7373.0
923796,1520.0
924095,6199.0
924168,3640.0
924383,3651.0
924396,6199.0
924515,3845.0
924719,3272.0
924805,6211.0
924822,3713.0
925528,5080.0
925741,2836.0
926282,3661.0
926326,3571.0
926423,3812.0
926617,2835.0
927003,3679.0
927066,8090.0
927628,6021.0
927653,5122.0
928054,2890.0
928340,4941.0
928465,5141.0
928658,4213.0
928876,3674.0
929008,5063.0
929351,7812.0
930236,6798.0
930245,5900.0
930420,7363.0
930775,3841.0
931015,3790.0
931148,3620.0
931182,6798.0
932021,3663.0
932696,5961.0
932781,6022.0
932787,3674.0
933034,3714.0
933036,7359.0
933972,3621.0
933974,3559.0
934549,6794.0
935036,7372.0
935419,5812.0
935703,5331.0
936340,4911.0
936395,3661.0
936468,3760.0
936528,6021.0
937098,7389.0
939767,2836.0
939930,5150.0
940942,4731.0
940944,5812.0
942126,5065.0
943034,3829.0
943452,3743.0
943535,7372.0
943819,3841.0
944075,3571.0
944148,7389.0
944695,6331.0
944745,6022.0
944809,2834.0
945114,5084.0
945394,6798.0
945841,5090.0
945983,5045.0
946486,2836.0
946563,3841.0
946581,7372.0
946644,2836.0
946673,6022.0
946936,3089.0
947484,6331.0
948320,8011.0
948708,7372.0
949157,3334.0
949858,2835.0
949870,2082.0
949961,6798.0
1000045,6153.0
1000177,4400.0
1000209,6199.0
1000228,5047.0
1000230,3357.0
1000623,2621.0
1000694,2836.0
1000697,3826.0
1000753,7363.0
1001115,3829.0
1001171,6035.0
1001233,2836.0
1001250,2844.0
1001316,2834.0
1001385,3317.0
1001601,6199.0
1001614,1311.0
1001838,1000.0
1001907,3826.0
1002047,3572.0
1002590,5990.0
1002638,7373.0
1002910,4931.0
1003078,5084.0
1003935,7372.0
1004434,6282.0
1004702,6021.0
1004724,6519.0
1004980,4931.0
1004989,7389.0
1005101,6199.0
1005210,5900.0
1005229,3531.0
1005284,3670.0
1005286,2834.0
1005516,3576.0
1005731,4813.0
1005817,6022.0
1006028,2890.0
1006045,3845.0
1006281,2836.0
1006655,1311.0
1006830,6021.0
1006837,3440.0
1007019,2090.0
1007587,4899.0
1009759,3510.0
1009829,3944.0
1009891,3728.0
1009922,1382.0
1010086,2834.0
1010134,7389.0
1010470,6035.0
1011060,8742.0
1011509,1040.0
1012019,5500.0
1013237,7370.0
1013272,6022.0
1013488,5812.0
1013857,7374.0
1013871,4911.0
1013880,7363.0
1013934,8200.0
1014052,7374.0
1014473,7371.0
1014739,8082.0
1014763,3577.0
1015328,6022.0
1015383,7389.0
1015739,7372.0
1015820,2836.0
1015922,7372.0
1016178,6035.0
1016281,7200.0
1016504,2834.0
1016838,3577.0
1017303,3577.0
1017655,7389.0
1018164,5080.0
1018724,5961.0
1018840,5651.0
1018963,3317.0
1018979,6331.0
1019034,7372.0
1019849,5500.0
1020214,3841.0
1020569,6798.0
1020710,5084.0
1020859,5141.0
1021561,5122.0
1021635,4911.0
1021860,3533.0
1021917,6512.0
1022079,8071.0
1022321,4610.0
1022408,5045.0
1022505,7374.0
1022652,3669.0
1022671,3312.0
1022899,2834.0
1023024,2834.0
1023128,5500.0
1023313,8700.0
1023458,6500.0
1023459,7373.0
1023731,7374.0
1023994,5030.0
1024305,2844.0
1024478,3829.0
1024672,3672.0
1024795,3490.0
1025378,6798.0
1025771,700.0
1025835,6022.0
1025996,6798.0
1026214,6111.0
1026655,3089.0
1026662,5040.0
1026785,3490.0
1026980,3357.0
1027664,3728.0
1027838,3841.0
1029199,6099.0
1030192,1040.0
1030469,6022.0
1030471,3669.0
1031093,1000.0
1031203,5500.0
1031235,6798.0
1031296,4911.0
1031308,7372.0
1031316,6798.0
1032033,6141.0
1032208,4932.0
1032220,7389.0
1032975,3577.0
1034054,6798.0
1034670,3714.0
1034760,7373.0
1034842,2834.0
1035002,2911.0
1035092,6021.0
1035201,4941.0
1035267,3842.0
1035354,2836.0
1035422,2834.0
1035443,6798.0
1035983,1731.0
1036044,3577.0
1036262,3825.0
1037038,2320.0
1037540,6798.0
1037646,3826.0
1037868,3823.0
1037976,6531.0
1038074,3674.0
1038277,3823.0
1038773,6021.0
1039065,3674.0
1039280,7372.0
1039399,3674.0
1039684,4923.0
1039828,6311.0
1040130,5912.0
1040161,7372.0
1040470,3825.0
1040829,6798.0
1040896,7372.0
1040971,6798.0
1041024,2834.0
1041061,5812.0
1041368,6035.0
1041514,6099.0
1041657,4832.0
1041803,5331.0
1041859,5651.0
1042046,6331.0
1042187,3060.0
1042418,2834.0
1042729,6022.0
1042776,6512.0
1042893,3533.0
1043000,8050.0
1043150,1520.0
1043186,4924.0
1043219,6798.0
1043277,4731.0
1043337,3714.0
1043509,5500.0
1043961,3826.0
1044777,7373.0
1045450,6798.0
1045609,6798.0
1045742,5900.0
1045810,3674.0
1045942,3669.0
1045986,7371.0
1046025,6036.0
1046050,6036.0
1046102,7389.0
1046257,2040.0
1046311,7011.0
1046568,8200.0
1047127,3674.0
1047335,8051.0
1047340,100.0
1047716,4512.0
1047862,4931.0
1048268,1731.0
1048286,7011.0
1048477,2834.0
1048695,3576.0
1048911,4513.0
1049502,3823.0
1049521,3670.0
1049606,3420.0
1050140,7372.0
1050377,5045.0
1050441,6022.0
1050446,6199.0
1050743,6029.0
1050797,2300.0
1050915,1731.0
1051470,6798.0
1051512,4813.0
1051627,3674.0
1052354,6221.0
1052752,6500.0
1053369,2834.0
1053507,6798.0
1053691,2834.0
1053706,8111.0
1054102,3841.0
1054905,2800.0
1055160,6798.0
1055726,2834.0
1056288,6282.0
1056358,2833.0
1056696,7372.0
1056903,4941.0
1056943,6021.0
1057060,5531.0
1057352,7389.0
1057379,8742.0
1057706,6022.0
1057877,4911.0
1058090,5812.0
1058290,7371.0
1058307,4813.0
1058623,4832.0
1058811,3577.0
1059142,6199.0
1059556,7320.0
1060391,4953.0
1060822,2300.0
1060955,8731.0
1061069,4953.0
1061219,4922.0
1061630,6798.0
1061983,2834.0
1062231,3714.0
1062506,6770.0
1062579,7371.0
1062822,2834.0
1063761,6798.0
1064728,1221.0
1065059,1400.0
1065078,6794.0
1065088,7389.0
1065280,7841.0
1065696,5010.0
1066194,7372.0
1066684,7310.0
1066764,4911.0
1066923,7389.0
1067294,5812.0
1067701,7359.0
1067983,6331.0
1068689,7372.0
1068851,6022.0
1069157,6022.0
1069183,3480.0
1069202,3585.0
1069258,3760.0
1069394,2890.0
1069530,2834.0
1069533,4923.0
1069878,2400.0
1069899,2834.0
1070050,7372.0
1070081,2834.0
1070235,7372.0
1070296,6035.0
1070412,1311.0
1070423,4610.0
1070494,2834.0
1070524,6036.0
1070680,6021.0
1070750,6798.0
1070789,8711.0
1070985,6798.0
1071236,6022.0
1071739,6324.0
1071840,2860.0
1072379,2834.0
1072627,6331.0
1072725,1040.0
1074828,6199.0
1074871,3841.0
1074902,6021.0
1075415,6798.0
1075531,4700.0
1075706,6022.0
1075736,4813.0
1076930,3690.0
1077183,8734.0
1077428,6022.0
1077688,2510.0
1078075,7373.0
1078271,3576.0
1080014,2834.0
1080340,6798.0
1080448,1040.0
1080657,6798.0
1081745,7372.0
1081834,4832.0
1081938,2834.0
1082324,6794.0
1082554,2834.0
1082733,7371.0
1083220,6794.0
1083301,6199.0
1083446,8742.0
1083490,6513.0
1083522,2080.0
1083743,3690.0
1084048,4822.0
1084201,2834.0
1084267,7310.0
1084475,6500.0
1084551,6552.0
1084554,2810.0
1084765,7389.0
1084869,5990.0
1084961,6153.0
1084991,1389.0
1085243,3990.0
1085277,2834.0
1085913,6021.0
1086222,7389.0
1086303,3845.0
1086434,3661.0
1086600,1221.0
1086745,4899.0
1087294,2834.0
1087456,6021.0
1088034,6099.0
1088413,3559.0
1088856,2834.0
1089063,5940.0
1089815,8093.0
1089872,7812.0
1089907,6159.0
1090009,6021.0
1090012,1311.0
1090396,7990.0
1090425,6798.0
1090727,4210.0
1090872,3826.0
1091326,2834.0
1091587,3613.0
1091596,3841.0
1091667,4841.0
1092570,4813.0
1092699,7372.0
1092796,3480.0
1093557,3841.0
1093672,6022.0
1093691,3620.0
1094032,6411.0
1094038,2834.0
1094285,3812.0
1094366,7389.0
1094831,6200.0
1095073,6331.0
1095146,6199.0
1095435,6199.0
1095565,7370.0
1095651,6798.0
1095981,3841.0
1096056,2810.0
1096275,3714.0
1096296,1090.0
1096343,6331.0
1096752,2844.0
1096938,3842.0
1097149,3842.0
1097864,3674.0
1098009,2834.0
1098146,6021.0
1098151,6021.0
1098462,3674.0
1098482,6770.0
1098972,2836.0
1099160,4832.0
1099219,6311.0
1099234,7841.0
1099369,7372.0
1099590,7389.0
1099800,3842.0
1100682,8731.0
1101026,2836.0
1101215,6141.0
1101239,6798.0
1101302,3089.0
1101433,7389.0
1102238,6510.0
1102993,7372.0
1103090,3821.0
1103795,3533.0
1103833,5734.0
1103982,2000.0
1104038,6199.0
1104485,1311.0
1104506,2834.0
1104657,3460.0
1105101,7370.0
1106213,7900.0
1106644,2834.0
1107280,7389.0
1107421,2834.0
1107843,7372.0
1108109,8062.0
1108134,6036.0
1108205,2836.0
1108426,4911.0
1108524,7372.0
1109116,4833.0
1109138,3827.0
1109242,6021.0
1109345,3827.0
1109354,3826.0
1109357,4931.0
1110607,3533.0
1110646,7372.0
1110803,3826.0
1111335,3714.0
1111485,3851.0
1111711,4931.0
1111741,1000.0
1111928,3674.0
1113169,6282.0
1113232,3559.0
1113313,6770.0
1113809,5945.0
1114483,3845.0
1114925,3576.0
1114927,6035.0
1114936,7372.0
1114995,3679.0
1116132,3100.0
1116463,3841.0
1116942,3672.0
1117057,2030.0
1117228,4991.0
1117297,7389.0
1119083,7371.0
1119190,5000.0
1119643,2833.0
1119769,3663.0
1119774,2836.0
1120193,6200.0
1120370,3360.0
1120914,7372.0
1120970,2860.0
1121484,3533.0
1121788,3812.0
1121795,7372.0
1122020,8200.0
1122904,3576.0
1122976,2821.0
1123360,7389.0
1123494,3826.0
1123596,5812.0
1124105,2834.0
1124198,1600.0
1124524,2834.0
1124796,3674.0
1125345,2834.0
1125376,8051.0
1126328,6321.0
1126741,3674.0
1126956,4924.0
1127371,6022.0
1127475,7389.0
1127537,3841.0
1128189,2834.0
1128281,4581.0
1128361,6021.0
1128928,2000.0
1130144,6022.0
1130166,5099.0
1130310,4911.0
1130464,4911.0
1130598,2834.0
1130713,5961.0
1131312,1382.0
1131903,7374.0
1132105,5940.0
1132509,8741.0
1132651,6021.0
1133062,7389.0
1133311,7310.0
1133416,2834.0
1133421,3812.0
1133798,5084.0
1133818,2834.0
1133869,2834.0
1134115,1000.0
1134765,2833.0
1134982,6411.0
1136869,3842.0
1136893,7389.0
1137091,3510.0
1137774,6311.0
1137789,3572.0
1137883,2836.0
1138118,6500.0
1138476,8090.0
1138723,3841.0
1140102,7363.0
1140215,2086.0
1140536,6411.0
1140859,5122.0
1141197,1311.0
1141240,2800.0
1141284,3669.0
1141391,7389.0
1141688,6021.0
1142417,4833.0
1142750,7363.0
1144215,3640.0
1144879,7374.0
1144967,6029.0
1144980,5500.0
1145197,3841.0
1145255,6282.0
1145604,2834.0
1145986,5030.0
1156039,6324.0
1156041,1311.0
1156375,6200.0
1157075,2836.0
1157408,8200.0
1157601,2834.0
1157647,6035.0
1158114,3674.0
1158172,7389.0
1158324,4899.0
1158449,5531.0
1158463,4512.0
1158780,2836.0
1158895,3841.0
1159036,2836.0
1159152,3272.0
1160308,2834.0
1161728,4900.0
1162194,2834.0
1162283,6200.0
1162896,1311.0
1163165,2911.0
1163370,6035.0
1163389,6022.0
1163609,2070.0
1163668,6022.0
1163739,1381.0
1164727,1040.0
1164863,3050.0
1165002,6282.0
1166003,4700.0
1166663,4412.0
1166691,4841.0
1166708,3949.0
1166928,6022.0
1167419,6199.0
1168455,6153.0
1169561,7372.0
1169770,6021.0
1170010,5500.0
1171008,1000.0
1171155,4731.0
1171326,8742.0
1171486,1221.0
1171759,5812.0
1171838,6411.0
1172052,6331.0
1172069,1700.0
1172178,1000.0
1172358,1311.0
1172724,1040.0
1173204,7841.0
1173313,2834.0
1173420,1040.0
1173489,7370.0
1173514,3537.0
1174169,4911.0
1174850,6021.0
1174891,6798.0
1174922,7011.0
1174940,2834.0
1175151,3841.0
1175454,7389.0
1175680,2834.0
1176309,2834.0
1176334,5171.0
1176948,6282.0
1177394,5045.0
1177609,5331.0
1177648,2834.0
1177702,4213.0
1178253,2834.0
1178670,2834.0
1178697,3661.0
1178970,6035.0
1179821,5944.0
1179929,6324.0
1180262,5122.0
1185348,6153.0
1187953,2836.0
1190370,2390.0
1192448,3841.0
1196298,3841.0
1200375,2860.0
1201792,8200.0
1205922,2834.0
1206264,2510.0
1207179,4400.0
1210677,7374.0
1210708,7363.0
1211583,2836.0
1211805,7372.0
1212545,6022.0
1213037,2836.0
1213809,2836.0
1214816,6331.0
1217234,8071.0
1218683,6199.0
1219601,3411.0
1222333,6221.0
1224133,7372.0
1224608,6321.0
1226616,2834.0
1227282,1311.0
1227500,6022.0
1227636,3841.0
1227654,1400.0
1228454,6035.0
1228627,2834.0
1230058,6552.0
1230245,6211.0
1230524,8742.0
1232524,2834.0
1232582,6798.0
1234006,6519.0
1235468,7389.0
1235912,3841.0
1236275,5030.0
1237831,3841.0
1253689,2834.0
1253986,6798.0
1254699,5961.0
1257640,2810.0
1258602,6141.0
1259429,
1260221,3728.0
1261002,1389.0
1261333,7372.0
1261654,8200.0
1262039,3577.0
1262104,2834.0
1262823,2860.0
1262976,2750.0
1263364,1000.0
1265131,6022.0
1266806,3845.0
1267238,6399.0
1267395,6331.0
1267565,2834.0
1269026,3841.0
1269238,7389.0
1270436,6211.0
1271554,1040.0
1272842,3663.0
1273441,1311.0
1273685,6798.0
1273813,6351.0
1274494,3674.0
1274737,8071.0
1275014,3674.0
1275101,6022.0
1275158,5812.0
1275168,6022.0
1275187,3841.0
1275477,6798.0
1276187,4922.0
1276520,6311.0
1277902,6022.0
1278021,6211.0
1278027,2000.0
1278680,6221.0
1278752,
1279620,6512.0
1279704,2834.0
1279715,6282.0
1280058,7372.0
1280263,3674.0
1280452,3674.0
1280776,2834.0
1280784,
1281761,6021.0
1281895,2834.0
1281984,6199.0
1282224,7200.0
1282571,1000.0
1282631,3674.0
1282637,2860.0
1282648,1311.0
1282980,3843.0
1283699,4812.0
1284812,6282.0
1285550,3841.0
1285785,2870.0
1285819,2834.0
1286043,6798.0
1286139,7374.0
1286613,8200.0
1286681,5140.0
1287032,
1287098,8731.0
1287213,3531.0
1287750,
1287865,6798.0
1288403,1311.0
1288469,3674.0
1288770,1000.0
1288847,7374.0
1288855,6021.0
1289223,1040.0
1289308,3690.0
1289340,3845.0
1289419,6282.0
1289460,5812.0
1289490,6798.0
1289848,8742.0
1289877,4412.0
1289945,4812.0
1290658,7372.0
1290677,2100.0
1290900,3714.0
1291855,3674.0
1293818,8071.0
1294133,3842.0
1295401,6021.0
1295514,2080.0
1295810,7011.0
1295947,2834.0
1296445,4911.0
1296484,4412.0
1296774,6199.0
1297184,2834.0
1297341,6035.0
1297937,7990.0
1297989,7389.0
1297996,6798.0
1298675,6798.0
1298946,6798.0
1299130,3826.0
1299709,6035.0
1299969,6500.0
1300514,7011.0
1301787,5031.0
1302215,6282.0
1304161,8742.0
1304409,1040.0
1304492,4813.0
1306830,2820.0
1307579,3590.0
1307748,6798.0
1307954,2800.0
1308027,3060.0
1308106,4400.0
1308208,4213.0
1308547,6794.0
1309082,1311.0
1309108,7389.0
1309251,2080.0
1309402,2860.0
1310488,3826.0
1310630,2833.0
1311370,6282.0
1311673,6770.0
1313310,7374.0
1314052,2836.0
1314102,3826.0
1314196,7389.0
1314727,3651.0
1315098,7372.0
1315257,2400.0
1315399,6022.0
1316835,5211.0
1317945,3430.0
1318008,5600.0
1318220,4953.0
1318268,5900.0
1318482,7311.0
1318484,5600.0
1318605,3711.0
1318885,4412.0
1319161,7900.0
1319947,5661.0
1320350,3841.0
1320461,3714.0
1320760,8742.0
1320854,3743.0
1321655,7372.0
1321732,3841.0
1321741,
1321834,2835.0
1321851,100.0
1323468,5171.0
1323885,3841.0
1324404,2870.0
1324424,4700.0
1324759,2821.0
1324948,3562.0
1325618,3841.0
1325670,6022.0
1325702,3674.0
1325964,3080.0
1326110,2836.0
1326160,4931.0
1326190,2834.0
1326200,4412.0
1326205,2834.0
1326380,5734.0
1326706,3842.0
1326732,2834.0
1326801,7370.0
1327068,6221.0
1327567,3577.0
1327607,6022.0
1327688,7374.0
1327811,7374.0
1327978,6798.0
1328237,6221.0
1328581,5030.0
1328598,6221.0
1328792,3440.0
1328919,4412.0
1329099,7370.0
1329394,3674.0
1329606,4924.0
1330568,6221.0
1331421,3721.0
1331520,6022.0
1331875,6361.0
1332174,6221.0
1332349,8050.0
1332551,6798.0
1333141,8090.0
1333172,4412.0
1333274,2611.0
1333493,6411.0
1333822,3674.0
1333986,6411.0
1334036,3021.0
1334325,3812.0
1334933,1090.0
1334978,7310.0
1335105,2834.0
1335258,7900.0
1336917,2300.0
1336920,7373.0
1337013,3841.0
1337068,6035.0
1337117,5065.0
1337298,2860.0
1338929,5130.0
1338940,7371.0
1339005,3841.0
1339688,1000.0
1339970,2836.0
1340476,7372.0
1341170,4412.0
1341235,2834.0
1341317,6022.0
1341439,7372.0
1341766,2086.0
1341878,7372.0
1342338,3674.0
1342423,100.0
1342958,3663.0
1343009,2834.0
1343465,7310.0
1345016,7200.0
1345126,2510.0
1345865,4841.0
1346022,1000.0
1346287,4899.0
1346610,6200.0
1346830,2834.0
1346917,1000.0
1347178,2834.0
1347242,2834.0
1347858,2111.0
1348362,2834.0
1349436,1311.0
1349706,3690.0
1350102,3674.0
1350156,5700.0
1350593,3490.0
1350653,3841.0
1351636,7372.0
1352010,7371.0
1352952,7389.0
1353611,6221.0
1353612,6221.0
1353613,6221.0
1353614,6221.0
1353615,6221.0
1354866,3690.0
1355096,5961.0
1355790,2834.0
1355839,7370.0
1355848,7812.0
1356090,2834.0
1356093,7373.0
1356115,6798.0
1356576,2834.0
1357459,2836.0
1357615,1600.0
1357671,4522.0
1357874,2836.0
1357971,1623.0
1358190,2670.0
1358633,5734.0
1359931,2836.0
1360214,2834.0
1360442,7200.0
1360565,7372.0
1360604,6798.0
1360901,6282.0
1361113,7372.0
1361538,1623.0
1361658,7011.0
1362004,8742.0
1362190,7372.0
1362468,4512.0
1362516,4812.0
1362988,7359.0
1364250,6798.0
1364479,7350.0
1364954,8200.0
1365135,7389.0
1365388,6770.0
1365767,3576.0
1366868,4899.0
1367083,3841.0
1367644,2834.0
1367859,6035.0
1368265,4932.0
1368458,5990.0
1368514,2836.0
1368622,3721.0
1369241,4412.0
1369290,3842.0
1370053,2834.0
1370416,3510.0
1370450,8711.0
1370637,7389.0
1370755,
1370816,5600.0
1370946,3290.0
1371128,3081.0
1371285,6324.0
1371489,8742.0
1372299,2836.0
1372514,2834.0
1372612,7372.0
1372807,
1372920,8200.0
1373670,1531.0
1373715,7372.0
1374310,6200.0
1374328,2833.0
1374339,2834.0
1374567,2510.0
1374690,2834.0
1375205,1040.0
1375348,1090.0
1375365,3571.0
1375877,3674.0
1376139,2911.0
1376227,6221.0
1376231,7372.0
1376321,7370.0
1376339,3841.0
1376793,700.0
1376804,7822.0
1376986,4911.0
1377121,2834.0
1377149,3663.0
1377167,6199.0
1377630,7310.0
1377789,3663.0
1377936,
1378140,4911.0
1378590,7372.0
1378789,7359.0
1378950,5531.0
1379006,2834.0
1379041,6331.0
1379785,
1380106,3826.0
1381074,7372.0
1381197,6211.0
1381640,7011.0
1381668,6035.0
1382101,2836.0
1382574,2834.0
1383057,6221.0
1383058,6221.0
1383062,6221.0
1383082,6221.0
1383084,6221.0
1383149,6221.0
1383151,6221.0
1383312,7389.0
1383414,
1383650,4924.0
1384101,8071.0
1384195,1311.0
1384365,7371.0
1384905,7374.0
1385157,5065.0
1385280,7830.0
1385613,6331.0
1385818,2834.0
1385849,1400.0
1386044,6163.0
1386278,6199.0
1386301,7389.0
1386570,2833.0
1386716,4412.0
1387467,3674.0
1388295,7374.0
1388320,2834.0
1388658,3841.0
1389050,4922.0
1389170,4922.0
1389545,6199.0
1390478,2834.0
1390777,6022.0
1391135,2834.0
1391933,6036.0
1392326,4412.0
1392380,2860.0
1392449,2836.0
1392694,4813.0
1393052,7372.0
1393311,6798.0
1393434,2834.0
1393584,7389.0
1393726,6331.0
1393772,8731.0
1393781,3590.0
1393818,6282.0
1393883,7389.0
1394056,3571.0
1394108,2860.0
1394638,8200.0
1395937,2834.0
1395942,5500.0
1396009,1400.0
1396440,
1396536,7372.0
1396814,2834.0
1396878,6221.0
1397016,3827.0
1397183,7372.0
1397187,2300.0
1397795,8741.0
1397911,6200.0
1398659,8742.0
1398733,2834.0
1398805,3690.0
1399520,5812.0
1400810,6331.0
1400891,4832.0
1401040,2834.0
1401257,3533.0
1401521,6331.0
1401667,2834.0
1401835,1000.0
1401914,2834.0
1402057,5961.0
1402328,2834.0
1402436,7372.0
1402829,1600.0
1403161,7389.0
1403475,6022.0
1403528,6282.0
1403568,5990.0
1404281,2834.0
1404644,2834.0
1404655,7372.0
1404804,3714.0
1404912,6282.0
1405495,6794.0
1405513,6221.0
1405528,6221.0
1406587,6500.0
1406666,4899.0
1407583,1000.0
1407704,7900.0
1407973,3843.0
1408075,2650.0
1408146,1000.0
1408198,7389.0
1408443,2834.0
1408534,6035.0
1408710,3661.0
1409036,1040.0
1409171,5990.0
1409197,2834.0
1409253,8742.0
1409375,3640.0
1409493,6798.0
1409970,6141.0
1410098,2834.0
1410384,7372.0
1410428,7200.0
1410636,4941.0
1410708,2870.0
1410738,3661.0
1411207,3714.0
1411342,6500.0
1411579,7830.0
1411685,2834.0
1411690,3826.0
1412095,6159.0
1412100,6331.0
1412126,7200.0
1412408,7389.0
1412486,2834.0
1413119,2820.0
1413329,2111.0
1413447,3674.0
1413745,6199.0
1413855,6411.0
1413891,4813.0
1414382,3590.0
1414767,6199.0
1414953,2080.0
1415311,6221.0
1415332,1000.0
1415397,2833.0
1415404,4899.0
1415744,1040.0
1415921,4412.0
1416090,1040.0
1416697,5900.0
1416876,8071.0
1417663,3841.0
1417926,3841.0
1418076,
1418121,6798.0
1418135,2080.0
1418819,4899.0
1419041,2834.0
1419275,8742.0
1419536,6021.0
1419554,3842.0
1419612,3674.0
1419793,3559.0
1419806,1040.0
1419945,4400.0
1419951,7374.0
1420108,2833.0
1420368,7200.0
1420520,3674.0
1420529,8200.0
1420565,2834.0
1420720,2834.0
1420800,3842.0
1421461,1400.0
1421517,3559.0
1422142,2834.0
1422143,2834.0
1422183,
1422892,4731.0
1422930,7370.0
1423221,3350.0
1423689,6798.0
1423869,6022.0
1423902,4922.0
1424182,6798.0
1424657,5140.0
1424768,3841.0
1424864,1000.0
1424929,3751.0
1425205,2836.0
1425287,3711.0
1425292,2870.0
1425355,6199.0
1425450,3841.0
1425627,2721.0
1426800,2834.0
1427570,2834.0
1427644,4813.0
1427925,2834.0
1428205,6798.0
1428336,7389.0
1428439,4841.0
1429260,2834.0
1429393,3630.0
1429764,3690.0
1430300,5960.0
1430306,2834.0
1430723,6022.0
1430725,4412.0
1431567,6022.0
1432133,7372.0
1433195,7372.0
1433270,1311.0
1433551,5090.0
1433607,3841.0
1433642,6282.0
1433660,3550.0
1434316,2836.0
1434524,3823.0
1434588,8200.0
1434601,4832.0
1434621,6163.0
1434647,2834.0
1434728,4941.0
1434740,1040.0
1434754,4412.0
1435064,1700.0
1435617,7374.0
1436126,8711.0
1436208,2451.0
1436229,6199.0
1436425,6036.0
1437071,6798.0
1437107,4841.0
1437213,6021.0
1437226,8742.0
1437283,7372.0
1437402,2834.0
1437476,6500.0
1437479,6021.0
1437517,7372.0
1437578,8351.0
1437750,6199.0
1437925,7372.0
1437958,6022.0
1438133,3841.0
1438423,3674.0
1438461,1090.0
1438533,2834.0
1438943,1600.0
1439222,2834.0
1439264,6199.0
1439288,3560.0
1439725,8071.0
1440799,7819.0
1441236,2631.0
1441683,7372.0
1441816,7372.0
1442145,7374.0
1442236,4953.0
1442492,1311.0
1442620,1389.0
1443646,8742.0
1443669,3440.0
1443863,8093.0
1444192,2834.0
1444839,7990.0
1445305,7372.0
1445815,2834.0
1446159,6199.0
1446847,2834.0
1447028,2834.0
1447362,8071.0
1447380,7372.0
1447669,7372.0
1448038,6500.0
1448397,4412.0
1448431,7389.0
1448705,3990.0
1448893,6351.0
1449349,3841.0
1449792,3690.0
1449794,6022.0
1450704,4953.0
1450922,6221.0
1450923,6221.0
1451448,7900.0
1451505,1381.0
1451809,3674.0
1452011,2040.0
1452477,6798.0
1452804,2834.0
1453122,2750.0
1453593,3841.0
1453687,2834.0
1454742,7372.0
1454938,7370.0
1455365,2836.0
1455863,6798.0
1456189,3751.0
1456772,6500.0
1459188,5013.0
1459200,7372.0
1459839,3841.0
1459862,6221.0
1460235,6221.0
1460329,7310.0
1460702,6199.0
1462056,7372.0
1462120,6022.0
1462223,7371.0
1462418,7380.0
1463101,3674.0
1463208,4700.0
1463972,3663.0
1464165,2834.0
1464343,6141.0
1464423,6798.0
1464790,6282.0
1464865,2080.0
1465128,6798.0
1465740,6798.0
1466026,6022.0
1466085,6798.0
1466258,3822.0
1466593,4911.0
1467373,7389.0
1467623,7372.0
1467760,6798.0
1467761,3661.0
1467858,3711.0
1468174,7011.0
1468327,5990.0
1468328,8082.0
1468639,2834.0
1468748,2836.0
1468929,3841.0
1468978,7372.0
1469367,3690.0
1469443,1311.0
1470129,7372.0
1471265,6021.0
1471727,2080.0
1471781,8742.0
1471824,6221.0
1472012,2834.0
1472072,8011.0
1472091,2834.0
1472494,6221.0
1472787,6361.0
1473334,2510.0
1473490,5960.0
1474098,6798.0
1474167,5122.0
1474432,3572.0
1474627,5990.0
1474735,3621.0
1474903,7363.0
1475841,6021.0
1475922,6311.0
1476034,6022.0
1476045,6798.0
1476150,6500.0
1476204,6798.0
1476765,
1476840,7372.0
1477009,5912.0
1477294,3823.0
1477333,7372.0
1477449,8011.0
1477641,3674.0
1477720,7372.0
1477815,5812.0
1477845,2834.0
1478242,8731.0
1478320,2836.0
1478454,6022.0
1479094,6798.0
1479247,6221.0
1479419,2834.0
1479681,7389.0
1481028,3674.0
1481241,4412.0
1481443,6770.0
1481504,3721.0
1481513,3674.0
1481582,5051.0
1481792,2750.0
1482430,6798.0
1482512,6500.0
1482541,700.0
1482554,7374.0
1482981,2080.0
1483386,6221.0
1483994,7011.0
1484612,3845.0
1484674,7389.0
1484769,7812.0
1484778,5961.0
1486159,1311.0
1486957,3510.0
1487091,3585.0
1487197,2030.0
1487428,
1487718,1400.0
1487918,
1487952,3670.0
1488039,2834.0
1488139,1700.0
1488813,6022.0
1488917,3845.0
1489300,1000.0
1489393,2860.0
1489874,700.0
1490054,1311.0
1490161,2000.0
1490281,7311.0
1490873,5900.0
1490906,6035.0
1490978,2834.0
1491419,5812.0
1492298,6798.0
1492448,4899.0
1492617,7380.0
1492691,4213.0
1493137,3826.0
1493594,3674.0
1493712,3841.0
1493761,3669.0
1494259,7374.0
1494413,7389.0
1494558,8200.0
1494582,6510.0
1494891,3841.0
1494904,6331.0
1495231,7310.0
1495240,6798.0
1495320,3100.0
1495584,
1495932,6531.0
1496099,
1496443,7389.0
1496690,7389.0
1497253,2836.0
1497645,6798.0
1497649,1000.0
1497770,6199.0
1498067,7372.0
1498148,7372.0
1498372,3669.0
1498382,2834.0
1498547,6798.0
1499422,6022.0
1499543,6282.0
1499620,8200.0
1499832,4832.0
1499961,3711.0
1500198,3841.0
1500217,6798.0
1500375,6035.0
1500435,3861.0
1501585,3730.0
1501697,2836.0
1501796,2836.0
1501989,2834.0
1502292,6331.0
1502377,1040.0
1502557,8200.0
1502966,8734.0
1503274,3826.0
1503584,4412.0
1503658,6500.0
1503802,2834.0
1504008,6035.0
1504379,3281.0
1504461,4922.0
1504619,
1504678,2800.0
1504776,3851.0
1505155,7372.0
1505497,8090.0
1505732,6022.0
1505952,7372.0
1506251,2834.0
1506293,7370.0
1506307,4922.0
1506492,3845.0
1506929,1040.0
1506983,3841.0
1507079,5211.0
1507605,6199.0
1507957,3674.0
1508475,7370.0
1508478,5812.0
1508655,
1508786,3021.0
1509261,2834.0
1509470,
1509646,4833.0
1509745,2834.0
1509957,5122.0
1509991,1311.0
1510295,2911.0
1510593,7372.0
1510964,2834.0
1511337,6798.0
1511737,3663.0
1511820,5122.0
1512228,1000.0
1512499,4700.0
1512673,7372.0
1512762,2836.0
1512886,2833.0
1512922,3841.0
1513363,
1513525,2834.0
1513761,4400.0
1513845,7370.0
1514183,2834.0
1514281,6798.0
1514416,7372.0
1514443,7381.0
1514705,3312.0
1514946,2834.0
1514991,4841.0
1515139,7389.0
1515156,2890.0
1515317,1000.0
1515673,2834.0
1516513,7371.0
1516551,2834.0
1516912,6022.0
1517022,2834.0
1517175,5141.0
1517228,3663.0
1517302,6282.0
1517375,7372.0
1517389,7371.0
1517396,3577.0
1517413,7372.0
1517496,6199.0
1517681,2834.0
1518336,1531.0
1518461,3669.0
1518621,6798.0
1518715,6022.0
1519061,2821.0
1519401,6141.0
1519449,6331.0
1519751,2430.0
1520006,1311.0
1520118,6199.0
1520262,2834.0
1520358,2013.0
1520697,8093.0
1521036,2835.0
1521332,3714.0
1521951,6022.0
1522540,7372.0
1522727,4922.0
1522767,2833.0
1523836,5961.0
1524025,5600.0
1524358,6531.0
1524472,3561.0
1525221,4522.0
1525306,5065.0
1525769,5812.0
1526113,6798.0
1526119,2834.0
1526243,1040.0
1526520,7370.0
1527166,6282.0
1527352,3845.0
1527469,6311.0
1527541,6798.0
1527590,6798.0
1527599,2834.0
1527613,5900.0
1527636,7374.0
1527702,4813.0
1527728,2834.0
1527753,8071.0
1527762,6199.0
1528115,2834.0
1528172,3845.0
1528188,7374.0
1528287,3841.0
1528356,4931.0
1528396,7372.0
1528849,5712.0
1528985,6798.0
1529113,7371.0
1529192,5961.0
1529274,7372.0
1529377,6798.0
1529628,1400.0
1529864,6141.0
1530238,7374.0
1530249,6036.0
1530425,1000.0
1530721,3100.0
1530746,2834.0
1530766,3845.0
1530804,2810.0
1530950,2040.0
1530979,5961.0
1531031,6029.0
1531152,5331.0
1531177,3841.0
1532286,1389.0
1532383,1531.0
1532390,5140.0
1532619,6798.0
1533040,2834.0
1533615,6798.0
1533743,2834.0
1533924,1311.0
1533998,3841.0
1534120,2834.0
1534133,2834.0
1534154,7372.0
1534248,2834.0
1534254,
1534504,2911.0
1534525,2834.0
1534675,3211.0
1534701,2911.0
1534708,6162.0
1534969,8071.0
1535527,7372.0
1535778,
1535929,6311.0
1535955,2834.0
1536196,2834.0
1537054,4899.0
1537435,3585.0
1538263,6035.0
1538495,2834.0
1538716,6199.0
1538849,5172.0
1539638,6022.0
1539680,4899.0
1539838,1311.0
1539850,7311.0
1540159,2834.0
1540684,1400.0
1541119,6035.0
1541157,2834.0
1541401,6798.0
1543151,7389.0
1543418,1040.0
1543637,3841.0
1543652,5531.0
1544206,
1544227,2834.0
1544522,7372.0
1545236,4950.0
1546296,7370.0
1546383,5000.0
1546417,5812.0
1546652,6221.0
1546853,7372.0
1547459,5411.0
1547546,6798.0
1547903,6351.0
1549084,3569.0
1549145,2860.0
1549346,7374.0
1549595,2834.0
1549631,3823.0
1549802,5990.0
1549966,6282.0
1550453,6199.0
1550913,6798.0
1551152,2834.0
1551182,3590.0
1551306,8090.0
1551901,
1552000,4610.0
1552033,7320.0
1552189,2833.0
1552198,
1552275,2911.0
1552670,7372.0
1552797,4610.0
1552800,5700.0
1553079,6798.0
1553264,4911.0
1553643,2834.0
1553788,2080.0
1554818,7374.0
1555017,8741.0
1555279,3826.0
1555280,2834.0
1556593,6798.0
1556727,6036.0
1556739,7310.0
1556801,6500.0
1557376,2836.0
1557746,2834.0
1557798,3576.0
1558569,8731.0
1558740,7812.0
1559053,2834.0
1559720,7340.0
1559865,7374.0
1560143,4822.0
1560258,3845.0
1560293,3841.0
1560327,7372.0
1560385,4833.0
1560672,6798.0
1561032,6798.0
1561550,7372.0
1561894,6799.0
1561921,3841.0
1562088,7372.0
1562151,2080.0
1562401,6798.0
1562463,6022.0
1562528,6798.0
1562733,2833.0
1563190,6531.0
1563568,3714.0
1563665,3841.0
1563880,2834.0
1564180,4400.0
1564408,7370.0
1564708,2711.0
1564902,7990.0
1565228,3669.0
1565687,7372.0
1566044,2834.0
1566610,6199.0
1566826,3842.0
1567094,3531.0
1567683,4911.0
1567900,1000.0
1568100,7372.0
1568385,7371.0
1568651,6324.0
1568969,7371.0
1569187,6500.0
1569340,2834.0
1569345,7372.0
1569994,6035.0
1570132,5400.0
1570562,2834.0
1570585,4841.0
1570827,6282.0
1570937,3841.0
1571123,7373.0
1571283,6798.0
1571776,6798.0
1571934,6199.0
1571949,6200.0
1571996,3571.0
1572334,6021.0
1572386,2860.0
1572694,
1573221,5900.0
1573516,5500.0
1574085,6798.0
1574094,2834.0
1574197,6500.0
1574235,2834.0
1574676,8711.0
1575142,2834.0
1575515,5411.0
1575793,3663.0
1575858,2870.0
1575965,6798.0
1576018,6331.0
1576280,8071.0
1576427,7311.0
1576789,7370.0
1576873,1400.0
1576885,2836.0
1576940,1531.0
1576942,5961.0
1577437,4412.0
1577445,7373.0
1577526,7372.0
1577552,7389.0
1577670,6798.0
1578453,4400.0
1578732,6531.0
1579091,7389.0
1579157,5600.0
1579241,7381.0
1579298,5311.0
1579428,2834.0
1579684,2711.0
1579733,2000.0
1579877,6798.0
1580149,2834.0
1580262,5900.0
1580345,
1580490,6199.0
1580560,7389.0
1580670,1531.0
1580808,3576.0
1580864,5500.0
1580905,1520.0
1581068,6798.0
1581091,6531.0
1581280,2836.0
1581760,7374.0
1581804,4412.0
1581990,4610.0
1582313,2834.0
1582554,2834.0
1582961,7370.0
1582982,7372.0
1583107,2834.0
1583648,2834.0
1583708,7372.0
1583771,2834.0
1584207,6141.0
1584371,3841.0
1584480,7372.0
1584509,5812.0
1584549,100.0
1584618,1000.0
1584693,7900.0
1584831,6331.0
1585101,6798.0
1585364,2834.0
1585389,6798.0
1585521,7370.0
1585608,2834.0
1585689,7011.0
1586554,2833.0
1587523,3651.0
1587732,4924.0
1587987,6021.0
1588014,7310.0
1588084,2860.0
1588489,6221.0
1588978,3841.0
1589061,6512.0
1589149,5051.0
1589150,2834.0
1589526,3713.0
1590364,7350.0
1590418,3823.0
1590560,2834.0
1590584,7000.0
1590714,2890.0
1590715,1220.0
1590717,6798.0
1590750,2834.0
1590877,2836.0
1590895,7011.0
1590955,7372.0
1590976,3730.0
1591588,5094.0
1591670,6798.0
1591698,7372.0
1591890,6199.0
1591913,5961.0
1591956,6199.0
1592386,6211.0
1592560,8200.0
1593001,3590.0
1593184,7370.0
1593275,6331.0
1593538,6211.0
1593549,7372.0
1593899,2834.0
1594204,1000.0
1594805,7372.0
1595097,2834.0
1595248,2834.0
1595353,2834.0
1595527,6798.0
1595761,7370.0
1595974,7370.0
1596532,3576.0
1596812,2834.0
1596961,7371.0
1596967,6282.0
1596993,4412.0
1597033,7370.0
1597095,4700.0
1597672,2611.0
1597835,7372.0
1597846,8742.0
1597892,8060.0
1598428,3312.0
1598646,2834.0
1598665,6331.0
1598981,3640.0
1599117,6799.0
1599298,2834.0
1599407,8742.0
1599617,3533.0
1600033,2844.0
1600620,2834.0
1600641,5961.0
1600983,3669.0
1601046,3823.0
1601485,2834.0
1601548,8744.0
1601712,6199.0
1601830,2836.0
1602409,7372.0
1602658,6022.0
1603145,4911.0
1603345,2836.0
1603454,8071.0
1603793,1311.0
1603923,3533.0
1603978,900.0
1603993,3490.0
1604028,3086.0
1604191,4931.0
1604464,2836.0
1604665,2860.0
1604778,3674.0
1604821,8071.0
1604868,5200.0
1605057,6199.0
1605301,6022.0
1605331,6794.0
1605481,1040.0
1605888,7363.0
1606163,1700.0
1606366,5812.0
1606757,3672.0
1606909,4412.0
1607678,2834.0
1607962,3842.0
1608092,5810.0
1609065,6022.0
1609151,7372.0
1609253,1311.0
1609258,1311.0
1609550,3841.0
1609711,7373.0
1609804,2890.0
1609809,2834.0
1610250,5661.0
1610590,3844.0
1610601,7372.0
1610718,3949.0
1610853,6199.0
1610940,6221.0
1611005,4911.0
1611046,7000.0
1611052,7372.0
1611547,6500.0
1611647,2040.0
1611746,2834.0
1611747,2836.0
1611842,3841.0
1612630,6794.0
1612720,4923.0
1613103,3845.0
1613780,2836.0
1614178,7374.0
1614806,6798.0
1615063,7372.0
1615165,7374.0
1615219,2834.0
1616000,7011.0
1616156,7370.0
1616262,2060.0
1616533,3674.0
1616543,3823.0
1616707,5961.0
1616736,6500.0
1616862,2851.0
1617242,6035.0
1617406,7011.0
1617553,7370.0
1617640,7389.0
1618181,6221.0
1618673,5141.0
1618732,7372.0
1618755,5812.0
1618756,5812.0
1618835,2834.0
1619096,4953.0
1619227,7370.0
1619312,6798.0
1619544,6199.0
1619762,7990.0
1619856,2836.0
1620393,6798.0
1620459,6331.0
1620463,2836.0
1620533,5810.0
1620749,8742.0
1621221,2834.0
1621227,2836.0
1621434,1311.0
1621672,7373.0
1621832,3341.0
1621906,1090.0
1622194,6798.0
1622229,2834.0
1622244,2834.0
1622345,3690.0
1622536,4911.0
1622996,7900.0
1623526,2834.0
1623925,4922.0
1624322,6022.0
1624326,3841.0
1624512,8200.0
1624517,7389.0
1624794,2891.0
1624985,7389.0
1625101,3841.0
1625278,7374.0
1625414,5961.0
1625641,7372.0
1625791,3555.0
1626115,6282.0
1626450,7372.0
1626644,3841.0
1626745,5900.0
1626878,2834.0
1626971,2834.0
1627223,2800.0
1627475,7374.0
1628063,6500.0
1628171,2836.0
1628369,6500.0
1628908,8741.0
1629019,6022.0
1629210,1000.0
1630113,3841.0
1630176,2833.0
1630212,7371.0
1630472,6798.0
1630627,3841.0
1630805,3433.0
1631463,1311.0
1631487,3842.0
1631569,6798.0
1631574,2834.0
1631596,6798.0
1631761,6199.0
1632121,8742.0
1632127,4841.0
1632790,3690.0
1632970,6798.0
1633336,
1633917,7389.0
1633978,3669.0
1634117,5940.0
1635077,8071.0
1635088,2834.0
1635282,7389.0
1636051,1000.0
1636222,5812.0
1636282,2834.0
1636422,7370.0
1636519,7990.0
1636651,2834.0
1637207,7997.0
1637459,2030.0
1637715,2834.0
1637810,6500.0
1637873,7389.0
1638097,2836.0
1638287,2834.0
1638290,3730.0
1638833,8062.0
1638911,3721.0
1639068,6510.0
1639300,5331.0
1639438,5812.0
1639691,3845.0
1639825,3949.0
1640043,4412.0
1640147,7372.0
1640266,2836.0
1640384,6199.0
1640428,7370.0
1641281,2834.0
1641398,5050.0
1641489,2834.0
1641601,6022.0
1641614,2750.0
1641631,3841.0
1642122,6211.0
1642159,3841.0
1642365,5990.0
1642380,2835.0
1642896,7373.0
1643154,100.0
1643615,8742.0
1643721,8742.0
1643953,2510.0
1644378,8742.0
1644903,2844.0
1644963,2834.0
1645113,3841.0
1645155,7372.0
1645460,2834.0
1645469,2834.0
1645590,3570.0
1646188,3663.0
1646972,5411.0
1647088,7350.0
1647639,6199.0
1647822,7372.0
1648087,3490.0
1648257,2834.0
1648636,1311.0
1648960,4822.0
1649009,4812.0
1649094,2836.0
1649096,6798.0
1649739,6022.0
1649744,5600.0
1649749,6022.0
1649904,2834.0
1649989,2836.0
1650101,7330.0
1650132,6798.0
1650164,7374.0
1650575,7373.0
1650648,2836.0
1650664,2836.0
1650696,2000.0
1650729,5040.0
1651308,2834.0
1651562,7372.0
1651721,6798.0
1651932,6770.0
1651992,7372.0
1652044,7370.0
1652130,2835.0
1652535,3674.0
1652539,4953.0
1652561,2844.0
1652958,8082.0
1653087,2836.0
1653242,6029.0
1653384,
1653477,2800.0
1653482,7372.0
1653558,7389.0
1653606,7371.0
1653653,7011.0
1653909,7374.0
1654595,6798.0
1655050,
1655210,2000.0
1655759,2834.0
1655888,
1656472,2833.0
1657214,6552.0
1657573,7389.0
1657642,6022.0
1657788,1311.0
1657853,7510.0
1658247,2834.0
1658551,2834.0
1658566,1311.0
1659166,3823.0
1659494,8200.0
1659617,2834.0
1660134,7372.0
1660280,7372.0
1660334,2834.0
1660734,7359.0
1661053,3841.0
1661059,2834.0
1661181,2834.0
1661600,8742.0
1661998,2834.0
1662579,2836.0
1662684,3670.0
1662774,2836.0
1662972,6798.0
1662991,7389.0
1663038,2860.0
1664703,3620.0
1664710,2834.0
1665300,7374.0
1665918,5140.0
1665988,3841.0
1666071,7370.0
1666134,7372.0
1666138,3690.0
1666244,6798.0
1666291,6500.0
1666700,2821.0
1667011,3674.0
1667313,7372.0
1668010,5600.0
1668243,2834.0
1668340,6035.0
1668397,8731.0
1669162,6331.0
1669779,5500.0
1669811,7380.0
1670076,4512.0
1670541,3714.0
1670592,3949.0
1671502,2834.0
1671584,2834.0
1671858,2834.0
1671927,2836.0
1671933,7370.0
1672013,3949.0
1672571,7331.0
1672619,2834.0
1672688,8731.0
1672909,7948.0
1673358,5812.0
1673475,8900.0
1673481,7372.0
1673504,8742.0
1673985,2821.0
1674101,3679.0
1674168,7000.0
1674227,7374.0
1674335,2430.0
1674356,6798.0
1674416,2836.0
1674440,7370.0
1674862,5160.0
1674910,2990.0
1674930,8071.0
1675033,
1675149,3334.0
1675644,6022.0
1676047,3842.0
1676163,3841.0
1676238,7372.0
1676725,2834.0
1677077,2834.0
1677250,4210.0
1677576,6500.0
1677703,7389.0
1677897,7372.0
1677940,2834.0
1678105,5961.0
1678660,2834.0
1679049,4400.0
1679268,1389.0
1679273,2030.0
1679688,6282.0
1679788,6199.0
1679817,3690.0
1680048,2834.0
1680062,3559.0
1680132,6500.0
1680139,8011.0
1680247,1389.0
1680367,2834.0
1680378,2870.0
1680581,2834.0
1680689,5960.0
1680873,5140.0
1681087,2836.0
1681206,6331.0
1681459,3533.0
1681556,8742.0
1681622,3679.0
1681682,3845.0
1682149,7389.0
1682220,6798.0
1682241,6199.0
1682265,7310.0
1682639,2834.0
1682745,4700.0
1682852,2836.0
1683553,2834.0
1683606,7374.0
1683695,7389.0
1684144,2834.0
1684425,6531.0
1684688,1040.0
1684693,2834.0
1685040,6311.0
1687187,1220.0
1687229,6510.0
1687277,3290.0
1687451,3490.0
1687542,4731.0
1687932,2330.0
1688126,7374.0
1688568,7374.0
1688757,3842.0
1689375,2834.0
1689548,2834.0
1689796,6798.0
1690012,6798.0
1690080,6199.0
1690334,4412.0
1690437,6221.0
1690585,2834.0
1690680,6531.0
1690820,5500.0
1690842,6221.0
1691221,7372.0
1691303,1220.0
1691421,6331.0
1691445,6163.0
1692063,4213.0
1692115,4923.0
1692345,6798.0
1692376,6199.0
1692415,3841.0
1692427,1389.0
1692705,6199.0
1692787,4922.0
1692819,4911.0
1693256,1389.0
1693577,6022.0
1694028,1389.0
1694426,2911.0
1694617,1311.0
1695295,5190.0
1695473,2834.0
1696025,5940.0
1696558,2300.0
1697500,3533.0
1697818,6199.0
1697851,3669.0
1697884,8731.0
1698022,6036.0
1698514,1389.0
1698530,2834.0
1698538,6798.0
1698990,1311.0
1698991,7900.0
1699039,1389.0
1699136,3533.0
1699150,3560.0
1699382,2834.0
1699709,5130.0
1700844,3585.0
1701108,2834.0
1701261,2033.0
1701541,2836.0
1701605,3533.0
1701756,5810.0
1701758,5712.0
1702318,7389.0
1702744,2000.0
1702750,6022.0
1702780,4841.0
1702924,3480.0
1703056,7381.0
1703057,2834.0
1703073,7990.0
1703157,3714.0
1703625,7310.0
1703644,6798.0
1703647,2834.0
1703956,1700.0
1704287,3841.0
1704292,2834.0
1704711,3944.0
1704715,1221.0
1704720,5810.0
1705110,7310.0
1705181,6221.0
1705402,7371.0
1705696,6798.0
1705843,2870.0
1706431,2836.0
1706509,6199.0
1706524,7900.0
1706946,4700.0
1707303,3990.0
1707502,2836.0
1707753,7372.0
1707910,5812.0
1707919,3711.0
1707925,2810.0
1708035,2800.0
1708055,7373.0
1708259,6199.0
1708341,7900.0
1708441,3577.0
1708527,2836.0
1708599,2834.0
1708646,6221.0
1709164,3634.0
1709442,6021.0
1709542,7374.0
1709682,7359.0
1709819,8200.0
1710072,2834.0
1710155,3851.0
1710340,2834.0
1710350,6199.0
1710366,1220.0
1710482,6022.0
1710495,7372.0
1711012,7510.0
1711269,4931.0
1711279,2836.0
1711754,2836.0
1711786,2834.0
1711929,6798.0
1712178,5990.0
1712184,4841.0
1712189,7000.0
1712463,2670.0
1712762,8731.0
1713210,8000.0
1713334,7011.0
1713539,5500.0
1713683,7371.0
1713863,2834.0
1713923,7370.0
1714174,6199.0
1714899,2836.0
1715497,1381.0
1715819,3841.0
1716166,3841.0
1716338,7370.0
1716621,3841.0
1716770,8200.0
1716947,2834.0
1717307,6798.0
1717547,6798.0
1718224,5812.0
1718227,1600.0
1718405,1040.0
1718500,2844.0
1718512,3560.0
1718939,7372.0
1719406,2834.0
1720116,7372.0
1720161,4412.0
1720446,3571.0
1720580,2834.0
1720592,7389.0
1720635,3550.0
1720893,2834.0
1721056,7374.0
1721484,2834.0
1722010,6022.0
1722482,3826.0
1722556,7200.0
1722608,7841.0
1722684,7011.0
1722731,7372.0
1723059,2834.0
1723128,2834.0
1723517,6799.0
1723690,7374.0
1723788,6221.0
1723935,8200.0
1723980,2834.0
1724521,2834.0
1724542,7372.0
1724755,7011.0
1724965,1311.0
1725033,6199.0
1725123,6199.0
1725160,2834.0
1725210,6221.0
1725255,8082.0
1725430,3841.0
1725911,6199.0
1726079,7389.0
1726126,1311.0
1726173,5812.0
1726445,3826.0
1726711,2834.0
1726978,6411.0
1727196,2836.0
1727255,1000.0
1727263,7340.0
1728117,2834.0
1728190,7370.0
1728328,2834.0
1728688,7372.0
1728951,6798.0
1729149,8090.0
1729173,7389.0
1729427,2834.0
1729637,2844.0
1730168,3674.0
1730430,2834.0
1730463,2836.0
1730773,2092.0
1730869,7372.0
1730984,6022.0
1731348,2833.0
1731388,4400.0
1733998,4924.0
1734005,3829.0
1734107,7374.0
1734342,6021.0
1734713,700.0
1734722,7372.0
1734750,7374.0
1735041,3560.0
1735438,2836.0
1735556,6199.0
1735707,3714.0
1736035,
1736243,2834.0
1736541,3711.0
1736946,7381.0
1737193,7374.0
1737287,2836.0
1737339,7370.0
1737523,8071.0
1737706,1381.0
1737806,7389.0
1737924,
1737953,2836.0
1737995,6199.0
1738021,2836.0
1738177,3663.0
1738699,7374.0
1738758,7374.0
1738827,1389.0
1738906,5912.0
1739104,2834.0
1739174,2836.0
1739410,2834.0
1739445,3440.0
1739566,2090.0
1739940,6324.0
1740279,2836.0
1740332,5072.0
1740797,7374.0
1741489,8742.0
1741530,6199.0
1741534,6531.0
1742341,7372.0
1742518,6211.0
1742692,
1742770,
1742927,2834.0
1743102,
1743340,
1743725,7372.0
1743745,5099.0
1743759,3577.0
1743881,2834.0
1743905,3743.0
1743971,
1744489,
1744494,
1744781,3711.0
1745078,
1745916,6162.0
1745999,
1746109,
1746119,
1746129,
1746466,
1746473,
1746618,5961.0
1747068,
1747079,7011.0
1747172,
1747661,8200.0
1747777,
1748790,3990.0
1748824,6282.0
1749723,4924.0
1750106,
1750149,
1750155,
1750284,
1750593,6500.0
1750735,
1750777,
1751008,
1751707,
1751783,6036.0
1751788,2821.0
1751876,
1752828,
1753162,6531.0
1753373,
1753391,7370.0
1753539,
1753673,
1754068,2836.0
1754170,5080.0
1754195,2833.0
1754226,6022.0
1754301,4833.0
1754581,6211.0
1755058,8742.0
1755101,5531.0
1755237,2834.0
1755672,100.0
1755953,6199.0
1756180,200.0
1756262,3845.0
1756390,2833.0
1756699,6211.0
1757073,3843.0
1757499,2834.0
1757715,3634.0
1757840,1311.0
1757898,3842.0
1758009,7372.0
1758021,3089.0
1758488,7997.0
1758530,7374.0
1758699,7370.0
1758730,6200.0
1758766,7373.0
1759136,5160.0
1759138,2836.0
1759186,6199.0
1759425,2834.0
1759509,7389.0
1759546,3711.0
1759614,5990.0
1759631,3713.0
1759655,8000.0
1759774,6798.0
1759783,3728.0
1759824,5084.0
1760026,5990.0
1760233,5961.0
1760689,3690.0
1760903,2844.0
1760965,2320.0
1761312,6331.0
1761612,2834.0
1761918,2834.0
1762239,5960.0
1762301,7389.0
1762303,3841.0
1762417,7370.0
1763329,2833.0
1763660,7380.0
1763950,2834.0
1764013,2836.0
1764046,7374.0
1765048,7370.0
1765651,5940.0
1766140,2834.0
1766368,3460.0
1766400,8000.0
1766478,6500.0
1766502,5961.0
1767042,4922.0
1767057,6221.0
1767258,3470.0
1767582,5810.0
1767837,6022.0
1768224,2834.0
1768259,8200.0
1768267,7372.0
1768446,2834.0
1769256,6411.0
1769624,6282.0
1769663,6036.0
1769731,6199.0
1769768,7600.0
1770088,7372.0
1770121,2836.0
1770236,3861.0
1770450,3577.0
1770561,1220.0
1770787,3826.0
1771515,5411.0
1771706,2834.0
1772016,2000.0
1772177,5812.0
1772253,4400.0
1772720,4911.0
1772921,5531.0
1773383,7372.0
1773751,8011.0
1774170,3669.0
1774675,7372.0
1775194,6199.0
1775734,6199.0
1775898,4899.0
1776067,7380.0
1776661,7389.0
1776909,7812.0
1777319,8742.0
1777393,3690.0
1777835,6199.0
1777921,7372.0
1778016,2834.0
1778129,100.0
1778982,6411.0
1779128,8000.0
1779372,3841.0
1779474,7372.0
1779476,7389.0
1779578,2834.0
1780201,5961.0
1780312,4899.0
1780652,6199.0
1780731,3690.0
1780785,2860.0
1781162,3760.0
1781174,2834.0
1781193,7389.0
1781335,3600.0
1781397,8200.0
1781629,7371.0
1781726,8200.0
1781730,6036.0
1781753,8200.0
1781755,6411.0
1781983,2834.0
1782037,4700.0
1782107,2834.0
1782170,7389.0
1782223,2834.0
1782309,8200.0
1782524,
1782941,6411.0
1783036,2834.0
1783180,3585.0
1783183,2834.0
1783328,2836.0
1783398,6162.0
1783407,7370.0
1783879,6211.0
1784058,7500.0
1784254,4832.0
1784440,7374.0
1784535,7372.0
1784970,7374.0
1785424,7359.0
1785493,1700.0
1785494,6500.0
1785530,2834.0
1785566,8200.0
1786108,
1786117,6798.0
1786248,6798.0
1786352,7372.0
1786431,2673.0
1786842,3824.0
1787297,2836.0
1787306,2834.0
1787400,2834.0
1787414,6036.0
1787518,8742.0
1787740,2834.0
1787803,2840.0
1788028,2836.0
1788841,7389.0
1788882,6331.0
1788999,7372.0
1789029,3714.0
1789192,2834.0
1789299,3600.0
1789769,2836.0
1789832,1311.0
1789940,5812.0
1789972,2836.0
1790340,2834.0
1791706,3711.0
1791725,3317.0
1792044,2834.0
1792267,8071.0
1792580,1311.0
1792781,5600.0
1792789,7389.0
1792849,1381.0
1792941,100.0
1793229,7389.0
1793659,7990.0
1794276,2870.0
1794338,6399.0
1794350,7370.0
1794515,7372.0
1794669,7389.0
1794776,
1794783,6411.0
1794942,5130.0
1795139,100.0
1795250,7900.0
1795251,3844.0
1795589,7372.0
1796022,6282.0
1796209,7340.0
1796280,2834.0
1796514,6199.0
1796898,3674.0
1796949,8742.0
1798100,6798.0
1798562,1000.0
1798749,2834.0
1799011,3841.0
1799191,8011.0
1799290,6200.0
1799448,2836.0
1799567,7374.0
1799788,2834.0
1800227,7370.0
1800315,2834.0
1800373,2000.0
1800392,7371.0
1800637,700.0
1800667,7372.0
1801169,6531.0
1801170,6324.0
1801368,1000.0
1801417,6770.0
1801602,7371.0
1801661,7374.0
1801834,2834.0
1802156,7990.0
1802450,7374.0
1802665,2834.0
1802768,2834.0
1802883,7372.0
1802974,700.0
1803096,5190.0
1803407,3679.0
1803599,7389.0
1803696,4841.0
1803914,5900.0
1803977,7990.0
1804176,3844.0
1804469,7381.0
1804583,7372.0
1804745,7500.0
1805077,3690.0
1805284,6162.0
1805385,3577.0
1805521,3711.0
1805594,5960.0
1805651,7372.0
1805833,7370.0
1806310,2836.0
1806347,2080.0
1806524,6211.0
1806837,7372.0
1806904,3751.0
1806952,2834.0
1807046,6500.0
1807120,2834.0
1807166,7372.0
1807389,7900.0
1807616,7011.0
1807765,6770.0
1807794,3674.0
1807887,3690.0
1807893,6159.0
1808377,3851.0
1808805,3826.0
1808834,7359.0
1808898,2834.0
1808997,3949.0
1809104,7389.0
1809519,7374.0
1809587,6531.0
1809616,2834.0
1809691,6199.0
1809750,100.0
1809987,3829.0
1810019,7370.0
1810182,2834.0
1810467,6199.0
1810546,6035.0
1810560,2834.0
1810806,7372.0
1810997,3711.0
1811063,2834.0
1811074,6792.0
1811115,8071.0
1811210,3711.0
1811216,7389.0
1811414,3690.0
1811530,2000.0
1811999,7370.0
1812173,3842.0
1812360,8731.0
1812364,2836.0
1812727,6411.0
1813452,100.0
1813603,8742.0
1813744,5045.0
1813814,2833.0
1814067,8200.0
1814114,3841.0
1814215,3690.0
1814287,6282.0
1814423,8200.0
1814963,2540.0
1814974,5400.0
1815021,5990.0
1815442,2836.0
1815566,7372.0
1815632,7370.0
1815776,2836.0
1815903,2834.0
1815974,2834.0
1816017,4899.0
1816172,5500.0
1816431,3829.0
1816554,7990.0
1816581,3569.0
1816590,2834.0
1816708,3829.0
1816736,2834.0
1816815,2833.0
1817004,5500.0
1817229,2836.0
1817232,2810.0
1817358,5940.0
1817511,7389.0
1817713,2834.0
1817760,3674.0
1818093,3841.0
1818201,7372.0
1818331,8000.0
1818382,2836.0
1818383,7389.0
1818502,6199.0
1818644,3714.0
1818794,2834.0
1818838,2834.0
1818844,2834.0
1818874,6199.0
1819133,2834.0
1819142,3690.0
1819253,2833.0
1819404,8200.0
1819411,2834.0
1819438,3690.0
1819493,3714.0
1819516,4522.0
1819574,5990.0
1819576,2834.0
1819580,2844.0
1819790,2836.0
1819796,6282.0
1819810,3760.0
1819848,3721.0
1819928,7370.0
1819989,6199.0
1819994,3760.0
1820144,7370.0
1820190,2836.0
1820302,6199.0
1820721,3674.0
1820872,4700.0
1820875,7372.0
1820953,6141.0
1821159,7500.0
1821175,7372.0
1821424,7389.0
1821468,8200.0
1821586,2834.0
1821769,3674.0
1821806,5990.0
1821825,2834.0
1822359,8000.0
1822462,2834.0
1822479,8090.0
1822492,3420.0
1822523,0.0
1822791,2834.0
1822928,3714.0
1822966,3443.0
1822993,6311.0
1823144,6199.0
1823239,2834.0
1823365,6035.0
1823466,7389.0
1823529,6411.0
1823584,5099.0
1823587,6500.0
1823593,7373.0
1823608,6022.0
1823635,3714.0
1823652,3721.0
1823794,5412.0
1823878,7372.0
1823945,6282.0
1824293,2834.0
1824403,7900.0
1824502,3721.0
1824814,7372.0
1824893,2836.0
1824920,7373.0
1825024,6531.0
1825079,3559.0
1825088,1531.0
1825248,
1825349,2000.0
1825452,7374.0
1825875,3621.0
1826000,5072.0
1826011,7372.0
1826376,8200.0
1826397,6199.0
1826457,2836.0
1826470,5990.0
1826600,4932.0
1826660,3577.0
1826667,3841.0
1826681,7372.0
1826889,5960.0
1826892,2836.0
1827090,7372.0
1827899,5072.0
1828016,7374.0
1828098,2000.0
1828105,6331.0
1828108,7373.0
1828161,3674.0
1828185,2834.0
1828318,3690.0
1828365,2111.0
1828377,1040.0
1828536,3690.0
1828588,6022.0
1828673,2834.0
1828748,7389.0
1828791,7370.0
1828805,3674.0
1828937,6162.0
1828962,3559.0
1828972,4899.0
1829118,7372.0
1829247,2834.0
1829311,6199.0
1829576,6021.0
1829635,2834.0
1829667,2833.0
1829794,6199.0
1829802,2834.0
1829864,7374.0
1830033,2821.0
1830043,7370.0
1830072,5200.0
1830081,7370.0
1830214,2836.0
1831096,7372.0
1831097,8090.0
1831283,2834.0
1831359,6770.0
1831481,1311.0
1831631,6199.0
1831651,3674.0
1831828,2834.0
1831868,3841.0
1831915,3826.0
1831979,3330.0
1832038,2836.0
1832161,5900.0
1832332,8082.0
1832466,6324.0
1832483,3569.0
1832487,3674.0
1832511,8000.0
1833197,3089.0
1833214,2836.0
1833498,3841.0
1833756,3812.0
1833769,3845.0
1833835,7389.0
1834032,6770.0
1834376,8000.0
1834488,7372.0
1834489,7990.0
1834584,5961.0
1834622,3580.0
1835022,2834.0
1835385,6036.0
1835579,2836.0
1835597,2834.0
1835615,3841.0
1835632,3674.0
1835654,3714.0
1835830,7372.0
1835856,6163.0
1835963,7372.0
1836242,5990.0
1836295,3841.0
1836833,3663.0
1836875,3690.0
1836981,7372.0
1837014,7373.0
1837240,3569.0
1837493,3841.0
1837607,2834.0
1837671,6500.0
1837774,3841.0
1838163,7373.0
1838359,7371.0
1838615,6282.0
1838987,1700.0
1839285,7373.0
1839341,6199.0
1839530,7389.0
1839839,3442.0
1840102,7311.0
1840199,2844.0
1840229,2836.0
1840233,2834.0
1840317,7373.0
1840425,3841.0
1840439,2834.0
1840502,7370.0
1840572,7900.0
1840776,6411.0
1840780,100.0
1840856,7372.0
1840877,3842.0
1841156,7389.0
1841209,7370.0
1841330,2834.0
1841387,2836.0
1841408,6199.0
1841425,2860.0
1841666,1311.0
1841761,5961.0
1841925,3674.0
1841968,6282.0
1842022,4922.0
1842167,7389.0
1842279,4932.0
1842556,1311.0
1842731,7370.0
1842939,2840.0
1842952,2834.0
1843162,
1843588,3711.0
1843656,6794.0
1843714,7372.0
1843724,2860.0
1843973,4522.0
1844392,8090.0
1844417,2836.0
1844505,3845.0
1844862,3690.0
1844971,6199.0
1845123,1311.0
1845149,6770.0
1845257,8000.0
1845338,7372.0
1845799,6036.0
1845815,7389.0
1846069,7370.0
1846084,4512.0
1846235,7812.0
1846253,8731.0
1846576,2300.0
1847064,7310.0
1847075,6199.0
1847345,2834.0
1847360,6036.0
1847398,6036.0
1847590,8742.0
1847846,8000.0
1847986,3690.0
1848275,6200.0
1848334,1311.0
1848416,100.0
1848672,7371.0
1848731,2833.0
1849056,4911.0
1849253,6411.0
1849380,8731.0
1849466,6036.0
1849820,3569.0
1849867,6035.0
1850119,2836.0
1850270,2836.0
1850767,2834.0
1850902,2835.0
1851003,7372.0
1851112,7389.0
1852016,3714.0
1852131,3674.0
1852244,4700.0
1852353,1000.0
1852767,7510.0
1853145,7372.0
1853816,2834.0
1853825,7374.0
1854139,2086.0
1854270,2836.0
1854445,7371.0
1854526,3721.0
1854587,7372.0
1854963,6199.0
1854964,6798.0
1855447,3674.0
1855509,3730.0
1855557,3569.0
1855747,7370.0
1856031,7990.0
1856084,5912.0
1856314,7372.0
1856365,6022.0
1856437,5621.0
1856485,2621.0
1856525,5099.0
1856725,2834.0
1857044,2834.0
1857154,5400.0
1857475,100.0
1857816,5961.0
1857853,3630.0
1858681,6282.0
1858685,2834.0
1858848,2836.0
1860543,3842.0
1860657,2834.0
1860742,3851.0
1861657,6199.0
1861795,7372.0
1861841,7373.0
1862150,2834.0
1863006,3674.0
1863127,2834.0
1863218,4210.0
1864055,6199.0
1864943,3430.0
1865107,5961.0
1865494,2834.0
1865631,3812.0
1866175,1311.0
1866581,5810.0
1866633,7372.0
1866692,7372.0
1866757,3910.0
1867066,2834.0
1867072,7373.0
1867096,2834.0
1868275,4911.0
1868395,3577.0
1868941,3690.0
1869198,7997.0
1869467,4412.0
1870144,2835.0
1870600,3949.0
1870940,8011.0
1871181,3841.0
1871321,3841.0
1871509,5812.0
1872292,2086.0
1872525,7311.0
1872789,3841.0
1872964,3669.0
1873722,7370.0
1873835,2834.0
1873923,6798.0
1874071,6035.0
1874097,7371.0
1874178,3711.0
1874315,3663.0
1874875,5961.0
1875091,2834.0
1875444,5712.0
1875558,2834.0
1876581,4412.0
1876766,8742.0
1877322,3569.0
1877461,7372.0
1877939,8742.0
1878897,6531.0
1879726,4812.0
1879848,3713.0
1880319,2800.0
1880343,5961.0
1880438,2834.0
1880613,7310.0
1880661,6282.0
1881487,1389.0
1881592,6035.0
1883085,6199.0
1883313,5900.0
1883685,7990.0
1884164,7374.0
1885408,5900.0
1885680,2833.0
1887673,3576.0
1888447,4924.0
1888654,1400.0
1888740,2320.0
1889109,2834.0
1889539,6311.0
1891101,2080.0
1892274,8200.0
1892322,7374.0
1893657,3714.0
1894562,2836.0
1894954,3690.0
1895262,1381.0
1898496,7389.0
1898604,5812.0
1898795,3751.0
1899005,7372.0
1899287,3690.0
1899658,1700.0
1899883,4011.0
1901215,3433.0
1901637,6022.0
1902314,3679.0
1902733,7372.0
1903870,2040.0
1906324,2835.0
1907425,7380.0
1907982,7374.0
1908984,6282.0
1909747,2833.0
1910139,7372.0
1911467,1311.0
1913838,6036.0
1913971,6022.0
1914605,6036.0
1914805,5172.0
1915657,4610.0
1916241,3728.0
1920406,6199.0
1921158,6199.0
1921963,3714.0
1928446,1311.0
1928948,4412.0
1929561,4700.0
1930419,3841.0
1932737,3711.0
1934850,6311.0
1935172,7372.0
1935979,2834.0
1936258,2834.0
1937653,2834.0
1938338,4813.0
1938865,7389.0
1941131,4412.0
1941189,3621.0
1941365,2511.0
1941500,3990.0
1943802,6035.0
1944048,2844.0
1944399,7371.0
1944558,1311.0
1945619,6770.0
1949478,5150.0
1951222,3674.0
1951294,7311.0
1955520,1400.0
1957132,3630.0
1957489,5960.0
1958713,6199.0
1962738,2834.0
1964333,6021.0
1964789,6199.0
1965040,8071.0
1978057,2090.0
1990446,200.0
1993004,4931.0
2052959,7812.0
