Date,ASII,AXON,BRSL,BRVO,BUKS,CIRX,CODA,CWGL,DKNG,DRS,EDVA,GAMG,GRMN,HCMC,JSDA,KDP,KO,KTOS,LHX,LIMX,LMT,MALG,MDWK,MGPI,MIND,MNTS,MO,MOJO,MSGS,MTN,NIMU,NOC,NPK,OSW,PEP,PLNT,PM,PRKA,PRKS,PRSU,RGR,RSI,SAM,SRXH,STZ,SWBI,TBTC,TDY,TPB,WRAP,WVVIP,XXII
2013-01-01,7.5,8.369999885559082,7.729942321777344,45.0,0.20000000298023224,1.899999976158142,1.5260000228881836,,,2.184943199157715,,1.5499999523162842,25.052988052368164,23951048.0,0.25,5.1943864822387695,24.512662887573242,4.409999847412109,34.79708480834961,34.5,58.82918167114258,1.2012009620666504,0.0017999999690800905,3.2908401489257812,148.1999969482422,,14.563084602355957,2.0,,36.12055206298828,15.749999046325684,51.106754302978516,37.77363967895508,,48.04248809814453,,46.03166961669922,3.0,,18.546859741210938,30.93223762512207,,140.33999633789062,175804.625,27.127363204956055,5.408889293670654,0.6961437463760376,68.26000213623047,,,,194497200.0
2013-02-01,6.0,7.46999979019165,8.016609191894531,54.0,0.18000000715255737,1.7999999523162842,1.5077999830245972,8.050000190734863,,3.1297836303710938,,1.3899999856948853,22.718942642211914,19580420.0,0.25999999046325684,5.0272722244262695,25.486845016479492,4.230000019073486,36.20555114746094,16.5,60.389915466308594,1.2012009620666504,0.0017999999690800905,3.642801523208618,153.5,,14.506868362426758,3.359999895095825,,37.75402069091797,16.499998092651367,52.04353713989258,39.13318634033203,,50.32551193237305,,47.9061393737793,3.0,,18.24128532409668,33.27180862426758,,155.42999267578125,175804.625,37.08635711669922,6.006382942199707,0.5105053782463074,73.58000183105469,,,,156492000.0
2013-03-01,5.900000095367432,7.949999809265137,8.336889266967773,54.0,0.1899999976158142,1.2000000476837158,1.5679999589920044,9.300000190734863,,2.2439959049224854,,0.5699999928474426,22.131738662719727,18181818.0,0.3400000035762787,5.457779884338379,26.81169891357422,5.03000020980835,35.17753982543945,0.33000001311302185,66.23676300048828,1.2012009620666504,0.0017999999690800905,3.8646717071533203,169.1999969482422,,15.064120292663574,2.359999895095825,,42.735252380371094,17.999998092651367,55.58547592163086,41.45574188232422,,52.54391860961914,,48.85886764526367,4.0,,18.442466735839844,31.12883758544922,,159.63999938964844,137939.0,39.93657684326172,5.660466194152832,0.5847607254981995,78.44000244140625,,,,196732800.0
2013-04-01,3.4100000858306885,8.8100004196167,8.564260482788086,33.0,0.18000000715255737,0.6000000238418579,1.315999984741211,9.010000228881836,,2.204627275466919,,0.28999999165534973,23.491117477416992,14685315.0,0.4099999964237213,5.676324367523193,28.06476593017578,5.090000152587891,35.07126998901367,4.5,68.00044250488281,1.5015009641647339,0.0017999999690800905,4.353307247161865,148.5,,15.992753982543945,2.799999952316284,,41.350059509277344,34.04999923706055,60.014869689941406,38.62335968017578,,54.77560043334961,,50.37661361694336,4.0,29.43630599975586,17.368995666503906,31.460195541381836,,169.32000732421875,137939.0,41.37005615234375,5.522099494934082,0.47337764501571655,75.05999755859375,,,,134136000.0
2013-05-01,3.25,9.489999771118164,9.034156799316406,39.0,0.1599999964237213,0.800000011920929,1.7640000581741333,8.770000457763672,,2.598311185836792,,0.3499999940395355,23.390670776367188,20279720.0,0.5799999833106995,5.345022201538086,26.513347625732422,5.809999942779541,38.33144760131836,4.5,73.41248321533203,1.8018009662628174,0.0017999999690800905,4.753100395202637,156.10000610351562,,15.813154220581055,3.5999999046325684,,43.92158508300781,20.999998092651367,65.78046417236328,39.61726760864258,,53.64645004272461,,47.91023635864258,5.0,31.004491806030273,16.442203521728516,31.148679733276367,,152.83999633789062,137939.0,44.438228607177734,5.729648113250732,0.7889628410339355,77.22000122070312,,,,131900400.0
2013-06-01,3.25,8.520000457763672,8.486942291259766,57.0,0.1599999964237213,0.4000000059604645,1.2613999843597412,8.520000457763672,,2.89357328414917,,0.18000000715255737,24.540096282958984,39510488.0,0.6299999952316284,5.382730007171631,26.776716232299805,6.480000019073486,37.658546447753906,4.5,75.23690032958984,1.8018009662628174,0.0017999999690800905,5.295042514801025,167.8000030517578,,15.515739440917969,13.0,,42.32443618774414,17.999998092651367,66.10780334472656,37.093875885009766,,54.704593658447266,,46.100555419921875,3.0,30.913555145263672,16.4138126373291,29.761005401611328,,170.63999938964844,137939.0,43.6921272277832,6.276826858520508,0.8446542620658875,77.3499984741211,,,,158727600.0
2013-07-01,3.5,8.880000114440918,9.380841255187988,75.0,0.2199999988079071,0.8999999761581421,1.2768000364303589,9.0,,2.7360999584198,,0.38999998569488525,27.192901611328125,26573426.0,0.8799999952316284,5.47765588760376,26.756694793701172,6.739999771118164,43.638065338134766,5.400000095367432,83.32520294189453,1.2012009620666504,0.0017999999690800905,4.966322898864746,169.3000030517578,,15.54677963256836,13.199999809265137,,46.08081817626953,26.999998092651367,73.50098419189453,38.180477142333984,,55.87506103515625,,47.46304702758789,3.0,32.296302795410156,16.09918785095215,31.514190673828125,,178.97999572753906,97368.7109375,43.6670036315918,7.446658134460449,0.7425532341003418,80.16999816894531,,,,353224800.0
2013-08-01,3.4000000953674316,11.640000343322754,9.594158172607422,60.0,0.2199999988079071,0.5,1.190000057220459,9.399999618530273,,2.755784511566162,,0.4000000059604645,27.661041259765625,37062936.0,0.75,5.245613098144531,25.48828887939453,8.4399995803833,43.301612854003906,0.75,85.7201919555664,1.2012009620666504,0.0017999999690800905,4.477686882019043,175.60000610351562,,15.023526191711426,8.0,,46.78254699707031,51.75,74.15532684326172,35.523193359375,,53.326759338378906,,44.408111572265625,3.0,26.36019515991211,15.108469009399414,32.82701110839844,,211.83999633789062,97368.7109375,45.477745056152344,6.880610466003418,0.7425532341003418,77.16999816894531,,,,268272000.0
2013-09-01,2.490000009536743,14.880000114440918,9.660563468933105,60.0,0.17000000178813934,0.4000000059604645,1.399999976158142,9.550000190734863,,2.8345210552215576,,1.2000000476837158,30.982351303100586,26573426.0,0.6740000247955322,5.2980804443359375,25.471921920776367,8.279999732971191,45.6714973449707,0.75,89.31228637695312,1.2012009620666504,0.0017999999690800905,4.655374050140381,152.89999389648438,,15.44124984741211,12.399999618530273,,47.7319450378418,40.64999771118164,76.55831146240234,36.25961685180664,,53.55217742919922,,46.572357177734375,2.0,26.2642822265625,16.77668571472168,39.258270263671875,,244.2100067138672,97368.7109375,48.11835861206055,6.912057876586914,0.7611170411109924,84.93000030517578,,,,288392384.0
2013-10-01,1.9500000476837158,17.780000686645508,9.594220161437988,69.0,0.17000000178813934,0.4000000059604645,1.4279999732971191,8.75,,3.6809403896331787,,1.600000023841858,32.051910400390625,30769230.0,0.734000027179718,5.597147464752197,26.60833740234375,8.479999542236328,47.72016143798828,0.75,93.36650848388672,1.8018009662628174,0.0010000000474974513,4.699794769287109,166.39999389648438,,16.73588752746582,9.0,,48.61477279663086,51.0,86.40340423583984,36.33170700073242,,56.644065856933594,,47.93313217163086,2.0,26.618844985961914,17.953407287597656,41.00086212158203,,229.58999633789062,243421.78125,54.74093246459961,6.7862701416015625,0.6961437463760376,88.81999969482422,,,,259329600.0
2013-11-01,1.899999976158142,17.190000534057617,8.925684928894043,48.0,0.1599999964237213,0.30000001192092896,1.4140000343322754,8.600000381469727,,3.011678457260132,,1.5,33.292850494384766,58741260.0,0.5299999713897705,5.704714298248291,27.214570999145508,6.690000057220459,50.0113410949707,0.8999999761581421,100.1301498413086,2.402401924133301,0.0010000000474974513,4.451035022735596,175.0,,16.623506546020508,8.600000381469727,,52.29970932006836,48.0,91.05442810058594,39.452476501464844,,56.893310546875,,46.00762176513672,3.0,26.43269920349121,22.177120208740234,48.60380554199219,,244.8000030517578,243421.78125,59.02465057373047,7.434078693389893,0.9096277952194214,92.7300033569336,,,,290628000.0
2013-12-01,1.350000023841858,15.880000114440918,9.32793140411377,30.0,0.12999999523162842,0.30000001192092896,3.2899999618530273,8.84000015258789,,2.854205369949341,,0.800000011920929,31.966413497924805,64030792.0,0.47999998927116394,5.80474853515625,27.972976684570312,7.679999828338623,54.12016296386719,1.0499999523162842,105.07064056396484,1.5015009641647339,0.0010000000474974513,4.610952377319336,177.10000610351562,,17.47481918334961,10.0,,52.05759048461914,46.5,92.61405944824219,41.45574188232422,,56.250694274902344,,47.383644104003906,2.0,25.677064895629883,22.90156364440918,46.17771530151367,,241.7899932861328,243421.78125,58.999481201171875,8.484407424926758,1.0488566160202026,91.86000061035156,,,,478418400.0
2014-01-01,1.909999966621399,16.059999465942383,7.4120073318481445,42.0,0.14000000059604645,0.5,2.6600000858306885,8.210000038146973,,2.854205369949341,,0.800000011920929,31.177461624145508,54933520.0,0.5699999928474426,5.7046661376953125,25.609731674194336,7.230000019073486,53.75578689575195,1.0499999523162842,106.66088104248047,1.2012009620666504,0.0010000000474974513,4.895248889923096,151.0,,16.031856536865234,6.400000095367432,,47.15837478637695,37.5,93.37364959716797,39.18468475341797,,54.50090789794922,,42.49463653564453,3.0,28.93466567993164,21.6732177734375,48.123634338378906,,208.30999755859375,243421.78125,64.27239990234375,8.232834815979004,1.0024470090866089,91.87000274658203,,,,579020416.0
2014-02-01,1.2999999523162842,19.229999542236328,7.7510175704956055,36.0,0.14000000059604645,0.5,2.5185999870300293,8.020000457763672,,3.05104660987854,,1.0,37.13611602783203,52484256.0,0.550000011920929,6.208651065826416,25.867048263549805,7.800000190734863,57.22892379760742,1.0499999523162842,115.6677017211914,1.2012009620666504,0.0010000000474974513,5.046281337738037,143.89999389648438,,16.50525665283203,6.320000171661377,,48.65996170043945,40.5,98.3069839477539,42.23597717285156,,54.30424118041992,,44.00103759765625,2.0,30.469755172729492,22.46178436279297,40.27045822143555,,236.75,243421.78125,67.9273681640625,7.232816696166992,0.8353725075721741,97.9800033569336,,,,970250368.0
2014-03-01,0.800000011920929,18.290000915527344,7.274809837341309,45.0,0.20000000298023224,0.5,1.8200000524520874,8.850000381469727,,3.0707309246063232,,0.949999988079071,38.56437683105469,46186144.0,0.46000000834465027,6.539239883422852,26.385953903198242,7.539999961853027,57.037471771240234,19.5,116.33757781982422,1.2012009620666504,0.0010000000474974513,6.047297477722168,139.39999389648438,,17.26325225830078,5.800000190734863,,48.5208740234375,36.0,100.2158203125,42.78420639038086,,57.03116989135742,,45.04966735839844,2.0,27.15151596069336,22.545076370239258,38.10836410522461,,244.72999572753906,54093.73046875,71.23028564453125,9.195113182067871,0.9746008515357971,97.33000183105469,,,,726569984.0
2014-04-01,1.0,16.149999618530273,6.493517875671387,58.5,0.20000000298023224,0.6000000238418579,1.3300000429153442,8.890000343322754,,2.9329419136047363,,0.6100000143051147,39.84845733642578,44786564.0,0.4099999964237213,6.654507637023926,27.839704513549805,7.21999979019165,57.318153381347656,1.0499999523162842,116.97901153564453,1.8018009662628174,0.001500000013038516,5.232032775878906,138.0,,18.499296188354492,3.5999999046325684,,48.19369888305664,34.5,98.69691467285156,39.61541748046875,,58.6635627746582,,47.00859069824219,2.0,26.998825073242188,21.616641998291016,41.00790023803711,,246.0399932861328,54093.73046875,66.9298095703125,9.6542387008667,0.8539363145828247,92.86000061035156,,,,599140800.0
2014-05-01,1.0299999713897705,13.270000457763672,6.493517875671387,42.0,0.20000000298023224,0.5,1.6785999536514282,8.850000381469727,,2.755784511566162,,0.8999999761581421,41.111610412597656,38138560.0,0.4399999976158142,6.92827844619751,27.921598434448242,8.510000228881836,60.554542541503906,1.0499999523162842,117.59465789794922,1.8018009662628174,0.005499999970197678,6.333983421325684,134.3000030517578,,19.16806411743164,3.4000000953674316,,48.51393127441406,22.649999618530273,99.307373046875,38.59021759033203,,60.33009338378906,,48.71989440917969,3.0,27.4119873046875,21.51347541809082,38.9144172668457,,214.41000366210938,297515.5,70.52611541748047,9.987577438354492,0.8353725075721741,94.7699966430664,,,,681857984.0
2014-06-01,0.8899999856948853,13.300000190734863,8.289588928222656,19.5,0.15000000596046448,0.4000000059604645,1.399999976158142,9.050000190734863,,2.7360999584198,,0.5899999737739563,42.84253692626953,34639608.0,0.41999998688697815,7.083830833435059,29.12867546081543,7.800000190734863,59.378746032714844,1.0499999523162842,115.49639129638672,1.5015009641647339,0.003800000064074993,7.1313300132751465,139.8000030517578,,19.563810348510742,2.5999999046325684,,54.023773193359375,26.69999885559082,97.73873138427734,39.93339157104492,,61.47637176513672,,46.87959671020508,5.0,25.625951766967773,22.45827293395996,37.880889892578125,,223.52000427246094,297515.5,73.8792953491211,9.144797325134277,0.881782054901123,97.16999816894531,,,,686329216.0
2014-07-01,0.8999999761581421,12.0600004196167,8.821041107177734,6.599999904632568,0.17000000178813934,0.30000001192092896,1.1507999897003174,9.399999618530273,,2.854205369949341,,0.4099999964237213,38.70602798461914,29811056.0,0.37299999594688416,7.105595588684082,27.017602920532227,7.300000190734863,53.51533889770508,1.0499999523162842,119.98030853271484,2.402401924133301,0.0024999999441206455,7.21196174621582,129.6999969482422,,18.938735961914062,1.8799999952316284,,52.84782028198242,23.999998092651367,100.71265411376953,35.141822814941406,,60.62309265136719,,45.60072326660156,6.0,25.191770553588867,19.990121841430664,32.071327209472656,,220.39999389648438,297515.5,69.79676818847656,7.767419338226318,0.8725001811981201,91.19999694824219,,,,534308416.0
2014-08-01,0.8600000143051147,15.670000076293945,8.784566879272461,6.0,0.23000000417232513,0.4000000059604645,1.8760000467300415,9.300000190734863,,2.89357328414917,,0.4399999976158142,38.220619201660156,14695591.0,0.4699999988079071,7.608649730682373,28.688583374023438,7.53000020980835,55.96104431152344,0.7799999713897705,125.98109436035156,1.8018009662628174,0.0024999999441206455,10.6790771484375,131.60000610351562,,20.095592498779297,0.800000011920929,,55.640716552734375,25.67999839782715,104.51307678222656,35.90386962890625,,63.64393615722656,,47.585784912109375,7.0,18.805633544921875,20.66839027404785,32.650169372558594,,220.97999572753906,9466.40234375,73.00746154785156,6.96237325668335,1.0117286443710327,97.06999969482422,,,,681857984.0
2014-09-01,0.6299999952316284,15.4399995803833,8.847123146057129,2.700000047683716,0.20000000298023224,0.30000001192092896,1.3300000429153442,9.170000076293945,,5.865883827209473,,0.3400000035762787,36.90389633178711,10286914.0,0.4519999921321869,7.827914714813232,29.548686981201172,6.559999942779541,52.40021896362305,0.7799999713897705,132.33810424804688,1.5015009641647339,0.0024999999441206455,11.709360122680664,110.5,,21.686817169189453,0.800000011920929,,60.7294921875,21.749998092651367,108.24274444580078,33.28330612182617,,64.51373291015625,,46.918880462646484,6.0,17.575725555419922,19.542150497436523,31.53614044189453,,221.75999450683594,9466.40234375,73.066162109375,5.937199592590332,0.798244833946228,94.01000213623047,,,,563371200.0
2014-10-01,0.5,18.84000015258789,8.59539794921875,1.2000000476837158,0.1899999976158142,0.30000001192092896,0.7728000283241272,9.100000381469727,,4.980095863342285,,0.38999998569488525,39.381187438964844,15395381.0,0.44999998807907104,8.429219245910645,29.0084228515625,6.96999979019165,54.92552947998047,0.16500000655651093,137.978271484375,1.5015009641647339,0.0020000000949949026,11.064311027526855,102.0,,22.819780349731445,0.8840000033378601,,60.74766159057617,25.499998092651367,113.33618927001953,34.57166290283203,,66.64824676513672,,50.074920654296875,4.0,17.58486557006836,24.14141082763672,26.99580955505371,,249.0,9466.40234375,76.73789978027344,6.3900370597839355,0.9189095497131348,103.62999725341797,,,,491832000.0
2014-11-01,0.5600000023841858,21.479999542236328,8.931035041809082,0.8999999761581421,0.1599999964237213,0.20000000298023224,0.7013999819755554,8.970000267028809,,4.783254146575928,,0.25,40.673065185546875,10460462.0,0.41999998688697815,9.007396697998047,31.266386032104492,5.139999866485596,56.939334869384766,0.16500000655651093,139.8065185546875,1.5015009641647339,0.0024999999441206455,13.330926895141602,76.19999694824219,,23.726158142089844,1.9800000190734863,,61.64802169799805,22.48499870300293,116.35138702392578,32.15943145751953,,69.371826171875,,48.90476608276367,4.0,15.254231452941895,22.74081802368164,24.76325225830078,,262.9700012207031,256945.203125,80.81204223632812,6.270538806915283,0.8260905742645264,106.91000366210938,,,,438177600.0
2014-12-01,0.3499999940395355,26.479999542236328,9.105815887451172,2.0999999046325684,0.1599999964237213,0.20000000298023224,0.8399999737739563,9.5,,4.921043395996094,,0.25,37.83065414428711,8467460.0,0.3499999940395355,8.775506019592285,29.446060180664062,5.019999980926514,57.05851745605469,0.16500000655651093,140.54371643066406,1.2012009620666504,0.001500000013038516,14.208908081054688,59.29999923706055,,23.500507354736328,0.800000011920929,,64.39879608154297,25.201499938964844,121.68475341796875,31.81952476501465,,65.96286010742188,,46.380279541015625,3.0,16.360137939453125,25.3300724029541,22.513818740844727,,289.5400085449219,256945.203125,82.29582977294922,5.95606803894043,0.8168084621429443,102.73999786376953,,,,368873984.0
2015-01-01,0.7400000095367432,27.010000228881836,8.931618690490723,2.4000000953674316,0.1599999964237213,0.20000000298023224,0.9800000190734863,9.0,,4.527359962463379,,0.20000000298023224,37.49410629272461,7067879.5,0.3490000069141388,9.459866523742676,28.713733673095703,4.860000133514404,53.33245086669922,0.16500000655651093,137.47836303710938,1.2012009620666504,0.001500000013038516,14.208908081054688,56.099998474121094,,25.327314376831055,0.8399999737739563,,62.01730728149414,21.749998092651367,129.5775146484375,34.53876495361328,,65.41876983642578,,45.69129180908203,5.0,16.19965171813965,25.634113311767578,26.26503562927246,,314.5199890136719,256945.203125,92.59011840820312,7.7359700202941895,0.798244833946228,95.04000091552734,,,,261565200.0
2015-02-01,0.5,23.479999542236328,9.41726303100586,3.5999999046325684,0.20000000298023224,0.20000000298023224,0.9100000262260437,8.979999542236328,,4.783254146575928,,0.11999999731779099,35.539188385009766,8117564.5,0.4099999964237213,9.645955085754395,30.199295043945312,5.769999980926514,61.714073181152344,0.1860000044107437,147.0797576904297,1.2012009620666504,0.0035000001080334187,13.96701717376709,63.099998474121094,,26.848848342895508,0.6399999856948853,,62.05265808105469,33.75,137.37989807128906,35.41238021850586,,69.04618072509766,,47.24014663696289,6.0,17.33760643005371,25.235063552856445,33.78046417236328,,267.6000061035156,256945.203125,96.16968536376953,8.509567260742188,0.8632181286811829,100.83000183105469,,,,182648512.0
2015-03-01,0.44999998807907104,24.110000610351562,9.24681568145752,10.5,0.20000000298023224,0.20000000298023224,0.8399999737739563,9.100000381469727,,5.708410739898682,,0.11999999731779099,34.36132049560547,7277816.5,0.3700000047683716,9.668378829956055,28.515995025634766,5.53000020980835,62.959197998046875,0.1860000044107437,149.21925354003906,1.2012009620666504,0.0020000000949949026,12.106419563293457,46.0,,24.098201751708984,0.9599999785423279,,73.54683685302734,34.5,133.44192504882812,37.0183219909668,,67.14926147460938,,43.43932342529297,6.0,18.041887283325195,26.53098487854004,32.37092208862305,,267.3999938964844,256945.203125,97.41874694824219,8.006414413452148,0.8353725075721741,106.7300033569336,,,,192261600.0
2015-04-01,0.44999998807907104,30.190000534057617,10.813619613647461,12.0,0.1899999976158142,0.20000000298023224,1.0779999494552612,9.300000190734863,,4.842306613922119,,0.12999999523162842,32.676513671875,5213436.0,0.3400000035762787,9.18791389465332,28.523035049438477,5.46999979019165,64.14228057861328,0.1860000044107437,137.191162109375,1.2012009620666504,0.0020000000949949026,12.628094673156738,49.0,,24.112651824951172,1.0,,70.55290222167969,31.499998092651367,127.70501708984375,36.54530334472656,,66.79815673828125,,48.133270263671875,6.0,19.838586807250977,25.338899612426758,35.74956130981445,,247.8000030517578,256945.203125,97.1924057006836,9.352347373962402,0.9281914830207825,104.97000122070312,,,,225795600.0
2015-05-01,0.5600000023841858,31.579999923706055,9.607982635498047,12.300000190734863,0.2199999988079071,0.10000000149011612,1.4700000286102295,9.3100004196167,,4.0746235847473145,,0.07999999821186066,32.88621520996094,2389783.0,0.33799999952316284,9.441699981689453,28.804323196411133,5.989999771118164,63.70402908325195,0.1860000044107437,139.460693359375,1.2012009620666504,0.002300000051036477,15.86606216430664,41.5,,24.66668701171875,0.800000011920929,,73.7743911743164,54.0,132.63226318359375,40.586421966552734,,67.71808624267578,,47.902610778808594,6.0,20.212900161743164,25.596393585205078,35.25360107421875,,263.7799987792969,256945.203125,99.09180450439453,9.251718521118164,1.0024470090866089,101.33000183105469,,,,239209200.0
2015-06-01,0.3499999940395355,33.310001373291016,9.432707786560059,29.700000762939453,0.25,0.10000000149011612,1.190000057220459,9.350000381469727,,3.7990455627441406,,0.07999999821186066,32.121315002441406,2249825.0,0.32199999690055847,9.039549827575684,27.81533432006836,6.300000190734863,61.84644317626953,0.1860000044107437,137.75636291503906,1.2012009620666504,0.002300000051036477,15.12852954864502,41.900001525878906,,23.815031051635742,0.9160000085830688,,78.10118103027344,45.0,132.17405700683594,46.90504455566406,,66.03143310546875,,46.793212890625,5.0,17.437650680541992,25.950607299804688,37.68737030029297,,231.99000549316406,9466.40234375,97.5199966430664,10.434126853942871,1.0210107564926147,105.51000213623047,,,,210146400.0
2015-07-01,0.3499999940395355,27.219999313354492,10.516197204589844,12.0,0.20000000298023224,0.10000000149011612,1.2599999904632568,9.15999984741211,,2.4211533069610596,,0.07999999821186066,30.644302368164062,1218115.625,0.33000001311302185,9.947223663330078,29.12704849243164,5.460000038146973,66.69544982910156,0.1860000044107437,153.46607971191406,1.2012009620666504,0.0020000000949949026,13.284685134887695,41.29999923706055,,26.47846221923828,1.0800000429153442,,78.45162963867188,36.01499938964844,144.15576171875,46.227638244628906,,68.16079711914062,,49.92170333862305,5.0,16.397443771362305,27.44388771057129,39.37331008911133,,220.52000427246094,9466.40234375,100.88216400146484,10.201417922973633,1.0952659845352173,103.66999816894531,,,,169905600.0
2015-08-01,0.49000000953674316,23.399999618530273,9.124408721923828,6.900000095367432,0.20000000298023224,0.10000000149011612,0.9800000190734863,9.199999809265137,,1.9290491342544556,,0.07999999821186066,27.500181198120117,1035979.25,0.32499998807907104,9.514466285705566,27.8791446685791,4.639999866485596,61.77408218383789,0.1860000044107437,150.1757354736328,1.2012009620666504,0.0020000000949949026,14.33702278137207,43.099998474121094,,26.088932037353516,0.8399999737739563,,77.17854309082031,26.294998168945312,137.09857177734375,47.915340423583984,,65.74139404296875,15.658247947692871,46.57724380493164,6.0,16.83243751525879,26.170772552490234,41.493431091308594,,205.07000732421875,9466.40234375,107.85897827148438,11.371248245239258,1.067420244216919,97.91000366210938,,,,173482560.0
2015-09-01,0.27000001072883606,22.030000686645508,8.237760543823242,8.100000381469727,0.20000000298023224,0.10000000149011612,1.3300000429153442,9.050000190734863,,1.4566289186477661,,0.07999999821186066,26.608436584472656,671986.5625,0.4000000059604645,9.864434242248535,28.692825317382812,4.21999979019165,59.20744705200195,0.30000001192092896,154.7515869140625,1.2012009620666504,0.001500000013038516,14.399984359741211,37.79999923706055,,26.772151947021484,1.0,102.88002014160156,74.868408203125,23.249998092651367,138.94898986816406,49.2059211730957,,67.22805786132812,15.069194793701172,46.89640426635742,6.0,17.03992462158203,27.85237693786621,38.72236251831055,,210.61000061035156,9466.40234375,105.50797271728516,10.610227584838867,1.1231117248535156,90.30000305175781,,,,187790400.0
2015-10-01,0.44999998807907104,23.40999984741211,8.716015815734863,15.0,0.17000000178813934,0.10000000149011612,1.2599999904632568,9.119999885559082,,1.3975762128829956,,0.07999999821186066,26.304378509521484,501189.96875,0.44999998807907104,11.152233123779297,30.287660598754883,4.989999771118164,64.04764556884766,0.30000001192092896,164.09751892089844,1.2012009620666504,0.001500000013038516,15.587242126464844,44.400001525878906,,29.75942039489746,0.8799999952316284,121.616455078125,82.14641571044922,25.799999237060547,157.20201110839844,51.4192008972168,,72.85296630859375,14.365849494934082,52.25818634033203,4.0,19.06825828552246,28.928422927856445,37.567752838134766,,219.58999633789062,67617.1640625,113.58899688720703,11.232880592346191,0.8353725075721741,89.2300033569336,,,,315219584.0
2015-11-01,0.5,18.700000762939453,8.453542709350586,6.300000190734863,0.18000000715255737,0.009999999776482582,1.3300000429153442,8.979999542236328,,0.9448402523994446,,0.07999999821186066,28.069379806518555,462270.75,0.4000000059604645,11.199652671813965,30.714513778686523,4.650000095367432,67.70518493652344,0.30000001192092896,164.80160522460938,0.9009000062942505,0.001500000013038516,18.816219329833984,38.099998474121094,,28.346981048583984,1.2000000476837158,110.68800354003906,86.77284240722656,26.099998474121094,156.70498657226562,50.7709846496582,,71.4057388305664,13.899882316589355,51.6611213684082,5.0,16.75289535522461,29.658601760864258,34.54806900024414,,213.6199951171875,67617.1640625,118.46551513671875,11.534771919250488,0.8075267672538757,92.51000213623047,,,,333104384.0
2015-12-01,0.3499999940395355,17.290000915527344,8.807361602783203,15.0,0.20000000298023224,0.10000000149011612,1.399999976158142,8.800000190734863,,0.7086302638053894,,0.07999999821186066,27.94908332824707,755984.875,0.382999986410141,11.691880226135254,30.959543228149414,4.099999904632568,70.77569580078125,0.6000000238418579,163.29014587402344,0.9009000062942505,0.000699999975040555,23.340383529663086,30.100000381469727,,28.9317684173584,2.0,110.23833465576172,92.55052947998047,20.999998092651367,158.76516723632812,48.38835906982422,,71.73363494873047,13.741629600524902,52.585594177246094,5.0,18.83863639831543,27.21306037902832,39.52804183959961,,201.91000366210938,6761.71630859375,120.30679321289062,13.824115753173828,0.9281914830207825,88.69999694824219,,,,312984000.0
2016-01-01,0.3140000104904175,15.390000343322754,7.876546382904053,12.600000381469727,0.17000000178813934,0.20000000298023224,1.4700000286102295,8.180000305175781,,0.590525209903717,,0.07999999821186066,26.452754974365234,28839.423828125,0.4300000071525574,11.772168159484863,30.930723190307617,3.190000057220459,70.83268737792969,0.6000000238418579,158.66558837890625,0.9009000062942505,0.000699999975040555,20.129398345947266,27.299999237060547,,30.373138427734375,2.0,104.97850799560547,90.388427734375,17.999998092651367,155.6118927001953,46.186767578125,,71.2885513305664,12.56352424621582,53.841766357421875,7.0,18.44243049621582,28.408395767211914,39.02407455444336,,179.25,6761.71630859375,128.78675842285156,13.55996322631836,0.7889628410339355,81.25,,,,279449984.0
2016-02-01,0.25,19.3799991607666,8.045289039611816,12.0,0.1599999964237213,0.10000000149011612,1.3300000429153442,8.350000381469727,,0.6889461278915405,,0.05000000074505806,30.460519790649414,3639.92724609375,0.5550000071525574,11.482381820678711,31.082054138183594,3.3399999141693115,63.54335403442383,0.6000000238418579,163.4935302734375,0.9009000062942505,0.000699999975040555,21.03782844543457,32.900001525878906,,30.601768493652344,1.9600000381469727,105.6053237915039,92.1311264038086,22.499998092651367,162.31588745117188,50.48122024536133,,70.22602844238281,12.5986909866333,54.45191192626953,8.0,17.503860473632812,27.33837890625,46.62333679199219,,188.11000061035156,186623.359375,119.70620727539062,15.949933052062988,0.7889628410339355,85.18000030517578,,,,214617600.0
2016-03-01,0.2199999988079071,19.6299991607666,10.04613208770752,20.399999618530273,0.1899999976158142,0.10000000149011612,1.5399999618530273,8.380000114440918,,0.7873668670654297,,0.029999999329447746,30.437772750854492,146.0,0.7350000143051147,11.282594680786133,33.69210433959961,4.949999809265137,63.81525421142578,0.6000000238418579,167.8196563720703,0.9009000062942505,0.000699999975040555,21.88032341003418,30.600000381469727,,31.425355911254883,1.600000023841858,113.34516906738281,97.30204772949219,22.514999389648438,167.1121826171875,51.932395935058594,,74.09716796875,14.27793025970459,59.300514221191406,8.0,20.62413215637207,28.206756591796875,45.558692932128906,,185.07000732421875,343495.1875,127.88250732421875,16.742401123046875,0.8075267672538757,88.13999938964844,,,,175047488.0
2016-04-01,0.3100000023841858,18.260000228881836,9.545204162597656,8.399999618530273,0.2199999988079071,0.10000000149011612,1.399999976158142,8.5,,0.7479985356330872,,0.029999999329447746,32.47154235839844,4.0,0.6800000071525574,11.470595359802246,32.53733444213867,5.309999942779541,65.57742309570312,0.6000000238418579,176.06297302246094,0.9009000062942505,0.000699999975040555,23.84810447692871,37.20000076293945,,31.4504337310791,1.7999999523162842,106.954345703125,94.34734344482422,20.249998092651367,174.17166137695312,54.07196044921875,,74.44422149658203,13.504249572753906,59.306549072265625,7.0,19.517518997192383,28.7774715423584,42.66046142578125,,156.0800018310547,451682.625,132.08908081054688,13.729771614074707,1.438697099685669,92.94999694824219,,,,182424960.0
2016-05-01,0.36500000953674316,22.3700008392334,10.436969757080078,13.5,0.20000000298023224,0.10000000149011612,1.399999976158142,8.350000381469727,,0.8070511221885681,,0.029999999329447746,32.38775634765625,2.0,0.6399999856948853,11.532423973083496,32.39207077026367,4.179999828338623,64.96839141845703,0.6000000238418579,180.21095275878906,0.9009000062942505,0.000699999975040555,29.534828186035156,39.20000076293945,,31.916851043701172,1.7999999523162842,114.14232635498047,95.51904296875,23.999998092651367,179.5844268798828,55.44252014160156,,73.1500015258789,15.702207565307617,59.64504623413086,8.0,17.0986385345459,30.770132064819336,44.44498062133789,,155.39999389648438,511185.71875,129.95266723632812,15.327277183532715,0.7147074341773987,98.12999725341797,9.654885292053223,,,204333840.0
2016-06-01,0.4000000059604645,24.8799991607666,10.423661231994629,9.0,0.20000000298023224,0.10000000149011612,2.0999999046325684,8.359999656677246,,1.1613662242889404,,0.029999999329447746,32.706661224365234,0.00019999999494757503,0.6399999856948853,12.262680053710938,33.17473220825195,4.099999904632568,68.82012939453125,0.6000000238418579,189.31951904296875,1.5015009641647339,0.000699999975040555,34.508445739746094,37.5,,34.882991790771484,2.01200008392334,117.53531646728516,101.18064880371094,25.499998092651367,188.49142456054688,58.512325286865234,,77.17327117919922,16.59897232055664,62.106327056884766,8.0,14.22305965423584,30.081172943115234,42.95521545410156,,171.02999877929688,508481.03125,140.34713745117188,17.094608306884766,0.9281914830207825,99.05000305175781,9.664294242858887,,,181530720.0
2016-07-01,0.3499999940395355,28.959999084472656,11.625107765197754,5.099999904632568,0.20999999344348907,0.10000000149011612,2.1405999660491943,8.470000267028809,,1.2007346153259277,,0.029999999329447746,41.88951873779297,9.999999747378752e-05,0.6349999904632568,12.501258850097656,31.930599212646484,4.409999847412109,71.44294738769531,0.6000000238418579,192.79818725585938,1.2012009620666504,0.004000000189989805,38.81410217285156,33.599998474121094,,34.245609283447266,2.200000047683716,124.53933715820312,104.7234115600586,19.499998092651367,183.70033264160156,55.52933883666992,,79.34410858154297,18.023250579833984,61.214900970458984,9.0,15.285074234008789,33.78794860839844,45.63276290893555,,182.8800048828125,508481.03125,139.69369506835938,18.522308349609375,0.881782054901123,105.0,10.492395401000977,,,189802432.0
2016-08-01,0.7200000286102295,27.079999923706055,12.817410469055176,5.699999809265137,0.2199999988079071,0.10000000149011612,1.9600000381469727,8.649999618530273,,1.1613662242889404,,0.029999999329447746,37.841651916503906,9.999999747378752e-05,0.38999998569488525,11.890852928161621,31.784210205078125,6.980000019073486,76.68859100341797,0.6000000238418579,186.6129913330078,1.2012009620666504,0.00019999999494757503,36.072967529296875,27.899999618530273,,33.43121337890625,2.319999933242798,123.081298828125,115.96651458740234,20.249998092651367,180.59300231933594,54.1153678894043,,78.31338500976562,19.03430938720703,61.01342010498047,9.0,12.912910461425781,34.70009231567383,41.43437576293945,,182.64999389648438,511185.71875,139.5438690185547,17.704679489135742,1.1602394580841064,107.13999938964844,12.167412757873535,,2.8477256298065186,228031200.0
2016-09-01,0.3499999940395355,28.610000610351562,13.6876220703125,6.300000190734863,0.1899999976158142,0.10000000149011612,1.8339999914169312,8.649999618530273,,1.0826295614242554,,0.04610000178217888,37.4932975769043,9.999999747378752e-05,0.4300000071525574,11.653973579406738,31.22490882873535,6.889999866485596,75.98798370361328,1.503000020980835,184.11683654785156,1.5015009641647339,0.004000000189989805,36.59680938720703,33.400001525878906,,32.28905487060547,2.2799999713897705,115.42321014404297,114.83198547363281,19.874998092651367,182.19390869140625,54.444053649902344,,79.79527282714844,17.645200729370117,59.97311782836914,10.0,13.479999542236328,35.8765983581543,39.04795455932617,,155.25999450683594,505776.375,141.61940002441406,16.723533630371094,1.3922874927520752,107.93000030517578,11.31108283996582,,2.880457878112793,324161984.0
2016-10-01,0.36000001430511475,22.3799991607666,16.124225616455078,3.299999952316284,0.18000000715255737,0.10000000149011612,1.6785999536514282,9.3100004196167,,1.0826295614242554,,0.029999999329447746,37.68812561035156,7.000000186963007e-05,0.38999998569488525,11.204718589782715,31.28392791748047,5.619999885559082,73.99727630615234,15.300000190734863,189.2321014404297,1.2012009620666504,0.004000000189989805,31.800931930541992,29.600000381469727,,33.76487731933594,1.684000015258789,112.7524185180664,117.3125228881836,14.999999046325684,195.0100860595703,54.109161376953125,,78.64349365234375,18.63867950439453,59.491939544677734,9.0,14.010000228881836,40.381858825683594,41.57633590698242,,155.25,446273.25,142.1552734375,16.622907638549805,1.253058671951294,107.68000030517578,11.62161922454834,,2.880457878112793,288392384.0
2016-11-01,0.36000001430511475,27.229999542236328,14.473628997802734,2.0999999046325684,0.20000000298023224,0.10000000149011612,1.6799999475479126,9.5,,1.1515240669250488,,0.09000000357627869,40.649559020996094,9.999999747378752e-05,0.49000000953674316,11.07070255279541,30.023067474365234,7.320000171661377,86.33650207519531,15.300000190734863,205.12908935546875,1.5015009641647339,0.03999999910593033,42.741844177246094,38.20000076293945,,32.64652633666992,2.0399999618530273,118.30521392822266,116.54732513427734,21.749998092651367,212.59506225585938,59.00844955444336,,73.97809600830078,20.270000457763672,54.458213806152344,11.0,16.899999618530273,42.717185974121094,35.02108383178711,,173.10000610351562,338085.78125,128.88442993164062,14.673185348510742,1.234494924545288,124.87000274658203,13.663637161254883,,2.9131901264190674,219088800.0
2016-12-01,0.20999999344348907,24.239999771118164,14.439681053161621,2.0999999046325684,0.23000000417232513,0.10000000149011612,2.4598000049591064,9.369999885559082,,1.1416820287704468,,0.07000000029802322,38.178714752197266,9.999999747378752e-05,0.44999998807907104,11.642626762390137,30.848987579345703,7.400000095367432,85.42780303955078,3.0,193.28919982910156,1.2012009620666504,0.0024999999441206455,45.163570404052734,41.5,,34.844547271728516,1.600000023841858,116.85399627685547,119.2802505493164,22.499998092651367,198.77532958984375,65.98528289794922,,77.32594299316406,20.100000381469727,57.08754348754883,11.0,18.93000030517578,43.00579833984375,35.90682601928711,,169.85000610351562,532823.25,130.7349090576172,13.258070945739746,1.2994681596755981,123.0,11.527518272399902,,3.3714451789855957,243680400.0
2017-01-01,0.18000000715255737,24.979999542236328,14.943254470825195,2.4000000953674316,0.28999999165534973,0.10000000149011612,4.579999923706055,9.329999923706055,,1.2204186916351318,,0.08150000125169754,38.02123260498047,9.999999747378752e-05,0.4449999928474426,11.710681915283203,30.93084144592285,8.239999771118164,85.62789154052734,3.0,194.36412048339844,1.2012009620666504,0.0024999999441206455,38.30500030517578,48.599998474121094,,36.67900848388672,1.2000000476837158,119.68830871582031,126.84481048583984,28.499998092651367,195.78404235839844,65.98528289794922,,76.69774627685547,21.040000915527344,59.982784271240234,10.0,18.110000610351562,42.762001037597656,35.94089889526367,,153.6999969482422,462501.375,127.70765686035156,13.396437644958496,1.2066490650177002,122.87000274658203,12.496771812438965,,3.5482001304626465,212382000.0
2017-02-01,0.30000001192092896,25.670000076293945,15.277083396911621,1.2000000476837158,0.27000001072883606,0.10000000149011612,6.0,9.319999694824219,,1.1515240669250488,,0.0949999988079071,40.63523864746094,9.999999747378752e-05,0.5,11.998312950134277,31.221017837524414,8.25,91.62210083007812,3.0,207.5778350830078,12.912912368774414,0.0024999999441206455,40.004093170166016,48.400001525878906,,38.60622787475586,0.9200000166893005,122.202392578125,133.9730682373047,27.749998092651367,211.17636108398438,65.0160140991211,,81.57542419433594,21.510000228881836,68.23175811767578,13.0,19.270000457763672,46.02888488769531,33.965003967285156,,158.64999389648438,500366.96875,135.78773498535156,12.226607322692871,1.4851064682006836,131.41000366210938,12.393258094787598,,3.6319949626922607,214617600.0
2017-03-01,0.3499999940395355,22.790000915527344,13.521781921386719,0.8999999761581421,0.25,0.20000000298023224,5.0,10.0,,1.1023136377334595,,0.07000000029802322,40.63623046875,9.999999747378752e-05,0.46000000834465027,12.651151657104492,31.856889724731445,7.78000020980835,93.21339416503906,3.0,208.3720703125,7.807806968688965,0.005499999970197678,49.04865264892578,49.0,,37.098697662353516,1.0399999618530273,136.06735229492188,142.7012481689453,24.749998092651367,204.01739501953125,66.71322631835938,,83.23705291748047,19.270000457763672,71.09538269042969,16.0,18.270000457763672,44.174434661865234,36.79227066040039,,144.64999389648438,219079.59375,138.5751190185547,12.459312438964844,1.420133113861084,126.45999908447266,14.67994213104248,,3.829699754714966,263800800.0
2017-04-01,0.30000001192092896,24.579999923706055,12.665968894958496,1.0160000324249268,0.3199999928474426,0.20000000298023224,4.599999904632568,10.300000190734863,,1.181050419807434,,0.029999999329447746,40.421573638916016,9.999999747378752e-05,0.5,11.841071128845215,32.38984298706055,7.619999885559082,93.73277282714844,3.0,209.81259155273438,7.507506847381592,0.0020000000949949026,47.35731506347656,46.599998474121094,,37.285709381103516,0.800000011920929,137.4708709716797,146.98452758789062,26.98499870300293,210.9827117919922,68.1166763305664,,84.29371643066406,20.799999237060547,69.79815673828125,15.0,17.530000686645508,44.174434661865234,41.53301239013672,,144.35000610351562,209613.1875,147.52728271484375,13.931035995483398,1.150957465171814,134.8300018310547,14.877555847167969,,4.903324127197266,312984000.0
2017-05-01,0.2770000100135803,24.010000228881836,10.127070426940918,1.25,0.3400000035762787,0.20000000298023224,4.5,11.199999809265137,,1.4369447231292725,,0.029999999329447746,41.375667572021484,9.999999747378752e-05,0.5249999761581421,11.99094295501709,34.13132095336914,10.819999694824219,94.41167449951172,3.0,220.3212127685547,15.0150146484375,0.003000000026077032,46.35161209106445,39.70000076293945,,39.18685531616211,0.800000011920929,133.1376495361328,159.06094360351562,23.999998092651367,222.3570556640625,69.48751068115234,,87.5624008178711,21.850000381469727,75.44047546386719,18.0,17.850000381469727,43.247337341308594,44.101715087890625,,142.75,164985.859375,156.7136993408203,14.24550724029541,1.215930700302124,131.50999450683594,15.762117385864258,,3.600572347640991,306277184.0
2017-06-01,0.3199999928474426,25.139999389648438,10.558314323425293,3.490000009536743,0.33000001311302185,0.20000000298023224,4.199999809265137,10.710000038146973,,1.771575689315796,,0.029999999329447746,40.976707458496094,9.999999747378752e-05,0.5040000081062317,11.846478462219238,33.942970275878906,11.869999885559082,91.81906127929688,3.0,217.5625457763672,7.507506847381592,0.0017000000225380063,46.315425872802734,38.79999923706055,,38.99850082397461,0.7200000286102295,134.15283203125,151.5845184326172,21.749998092651367,221.05674743652344,72.13123321533203,,86.52845764160156,23.34000015258789,74.59593200683594,20.0,16.270000457763672,46.283958435058594,43.028602600097656,,132.14999389648438,273173.3125,166.12937927246094,13.937324523925781,1.4015690088272095,127.6500015258789,14.435275077819824,,3.5580203533172607,391230016.0
2017-07-01,0.27000001072883606,24.59000015258789,10.985260009765625,1.100000023841858,0.28999999165534973,0.20000000298023224,4.349999904632568,10.699999809265137,,2.0373117923736572,,0.019999999552965164,40.302181243896484,9.999999747378752e-05,0.44999998807907104,11.852982521057129,34.69221115112305,11.010000228881836,96.35612487792969,3.0,228.9418182373047,7.207207202911377,0.0017000000225380063,53.36637496948242,39.70000076293945,,34.02354049682617,0.7200000286102295,149.70066833496094,157.51100158691406,23.549999237060547,226.58518981933594,73.82843780517578,,87.36758422851562,22.65999984741211,74.12596893310547,20.0,15.380000114440918,52.45515060424805,39.878482818603516,,156.8000030517578,216374.921875,165.80352783203125,13.000204086303711,1.3922874927520752,136.33999633789062,14.510560989379883,,3.469642162322998,391230016.0
2017-08-01,0.3100000023841858,21.709999084472656,11.870965003967285,1.850000023841858,0.2800000011920929,0.20000000298023224,4.5,11.199999809265137,,3.031362533569336,,0.07000000029802322,41.3541145324707,9.999999747378752e-05,0.4000000059604645,11.838678359985352,34.47273635864258,13.380000114440918,103.45216369628906,3.0,240.75570678710938,2.702702045440674,0.0017000000225380063,51.648311614990234,37.5,,33.201358795166016,0.6800000071525574,144.78831481933594,170.35789489746094,21.749998092651367,235.27296447753906,65.0160140991211,,87.3150405883789,25.3700008392334,74.26567077636719,25.0,12.979999542236328,53.82653045654297,31.853586196899414,,149.0,189328.046875,172.053466796875,10.264311790466309,1.763564109802246,150.05999755859375,16.185579299926758,,3.3059802055358887,491832000.0
2017-09-01,0.3499999940395355,22.670000076293945,14.30693244934082,1.0,0.3400000035762787,0.20000000298023224,4.050000190734863,10.75,,3.356151819229126,,0.08299999684095383,43.76667404174805,9.999999747378752e-05,0.4000000059604645,11.576007843017578,34.33510208129883,13.079999923706055,111.36004638671875,3.0,244.61868286132812,2.102102041244507,0.0017000000225380063,55.689788818359375,34.900001525878906,,33.56623840332031,0.7200000286102295,145.87161254882812,170.48497009277344,25.499998092651367,248.67840576171875,69.48751068115234,,84.07080841064453,26.979999542236328,71.17822265625,25.0,12.989999771118164,59.76383972167969,35.95698547363281,,156.1999969482422,156601.34375,171.4945068359375,9.591346740722656,1.9027931690216064,159.17999267578125,15.997369766235352,,3.600572347640991,619261184.0
2017-10-01,0.25,22.969999313354492,13.695028305053711,0.550000011920929,0.3400000035762787,0.20000000298023224,4.9766998291015625,10.149999618530273,,3.16915225982666,,0.07000000029802322,45.90755081176758,9.999999747378752e-05,0.4300000071525574,11.20832633972168,35.075050354003906,12.039999961853027,117.82110595703125,0.6000000238418579,242.93942260742188,3.003002882003784,0.0020000000949949026,62.42253494262695,31.399999618530273,,33.989654541015625,1.0,151.72418212890625,171.99415588378906,23.264999389648438,255.42861938476562,76.30897521972656,,83.16545104980469,26.639999389648438,67.09381866455078,24.0,11.479999542236328,56.96699905395508,34.461673736572266,,178.0500030517578,140643.6875,188.3817596435547,9.01271915435791,2.0420215129852295,169.9600067138672,16.467878341674805,,3.757033586502075,473947200.0
2017-11-01,0.2680000066757202,24.8799991607666,16.135107040405273,0.75,0.3400000035762787,0.20000000298023224,5.21999979019165,10.899999618530273,,3.16915225982666,,0.05000000074505806,50.34342575073242,9.999999747378752e-05,0.4050000011920929,11.801064491271973,35.201107025146484,10.430000305175781,122.70504760742188,0.6000000238418579,253.15830993652344,3.5435431003570557,0.0020000000949949026,68.32815551757812,37.599998474121094,,35.90032196044922,1.0,147.60899353027344,169.09530639648438,22.874998092651367,265.68792724609375,67.6923828125,9.290186882019043,88.52095794677734,32.369998931884766,65.88199615478516,24.0,11.75,56.5254020690918,38.24264144897461,,179.85000610351562,100343.859375,187.54367065429688,8.824034690856934,2.0884315967559814,186.24000549316406,16.44902229309082,,3.338712215423584,520894784.0
2017-12-01,0.3100000023841858,26.5,15.559905052185059,0.5799999833106995,0.3100000023841858,0.20000000298023224,4.771999835968018,10.670000076293945,,3.031362533569336,,0.05000000074505806,48.716392517089844,9.999999747378752e-05,0.36500000953674316,12.778691291809082,35.28572082519531,10.59000015258789,120.28491973876953,1.0499999523162842,254.68927001953125,3.003002882003784,0.0020000000949949026,70.65325927734375,31.700000762939453,,38.13569259643555,0.800000011920929,143.65731811523438,160.34979248046875,21.149999618530273,266.1301574707031,64.91809844970703,9.348862648010254,91.10396575927734,34.630001068115234,68.41853332519531,24.0,13.569999694824219,54.46258544921875,39.01099395751953,,191.10000610351562,141996.03125,197.00750732421875,8.075597763061523,2.2276601791381836,181.14999389648438,19.929346084594727,,3.562927007675171,625968000.0
2018-01-01,0.7360000014305115,26.459999084472656,17.062480926513672,0.42500001192092896,0.30000001192092896,0.20000000298023224,4.78000020980835,9.699999809265137,,2.2833640575408936,,0.05000000074505806,51.472389221191406,9.999999747378752e-05,0.3799999952316284,15.71334171295166,36.600852966308594,11.40999984741211,135.3406982421875,10.5,281.5029602050781,2.102102041244507,0.0020000000949949026,82.28787231445312,37.599998474121094,,37.56425857543945,1.840000033378601,147.05711364746094,164.94589233398438,17.69999885559082,295.2829895019531,66.35420227050781,9.352773666381836,91.39266967773438,33.7599983215332,69.44174194335938,26.0,15.25,55.83889389038086,36.9853515625,,189.85000610351562,135234.328125,189.1640625,7.503262519836426,2.0884315967559814,190.9199981689453,20.749908447265625,,3.145770311355591,762339584.0
2018-02-01,3.0,34.83000183105469,15.554033279418945,0.1899999976158142,0.25999999046325684,0.20000000298023224,4.639999866485596,9.020000457763672,,1.988101601600647,,0.10000000149011612,48.446529388427734,9.999999747378752e-05,0.35499998927116394,15.30519962310791,33.23994064331055,12.050000190734863,132.5978546142578,10.5,281.16119384765625,2.102102041244507,0.0020000000949949026,77.12305450439453,35.20000076293945,,33.61772155761719,0.6800000071525574,166.37948608398438,155.36880493164062,10.529998779296875,303.5293884277344,62.985782623291016,9.339082717895508,83.36257934570312,36.97999954223633,67.05859375,22.0,14.630000114440918,51.16926574707031,30.07023811340332,,163.0500030517578,154167.125,186.17710876464844,5.660466194152832,2.0884315967559814,185.9499969482422,19.71241569519043,,3.0842230319976807,561135616.0
2018-03-01,0.6499999761581421,39.310001373291016,15.797529220581055,0.20000000298023224,0.25,0.20000000298023224,3.450000047683716,9.890000343322754,,2.322732448577881,,0.05000000074505806,48.598323822021484,9.999999747378752e-05,0.35499998927116394,15.662382125854492,33.6963005065918,10.289999961853027,137.46067810058594,1.0499999523162842,269.5855712890625,3.003002882003784,0.0020000000949949026,82.4177017211914,32.400001525878906,,33.637325286865234,0.871999979019165,167.4696044921875,168.42269897460938,14.249999046325684,303.71551513671875,65.0321273803711,9.37820053100586,83.53473663330078,37.77000045776367,65.06539154052734,22.0,14.829999923706055,51.65693664550781,36.838966369628906,,189.0500030517578,146053.0625,196.92544555664062,6.490669250488281,2.4132981300354004,187.1699981689453,18.371469497680664,,3.3167355060577393,525366016.0
2018-04-01,0.699999988079071,41.97999954223633,16.707674026489258,0.1850000023841858,0.25,0.20000000298023224,4.010000228881836,9.130000114440918,,2.3522589206695557,,0.05000000074505806,48.383907318115234,9.999999747378752e-05,0.3230000138282776,15.871427536010742,33.52560806274414,10.010000228881836,133.31846618652344,1.0499999523162842,255.95204162597656,2.1921920776367188,0.0020000000949949026,88.12136840820312,32.5,,30.28546714782715,0.800000011920929,165.5755157470703,174.20401000976562,11.999999046325684,280.1572570800781,66.41947937011719,9.427096366882324,77.25147247314453,40.290000915527344,53.67567443847656,21.0,15.09000015258789,49.98263931274414,38.76862716674805,,224.14999389648438,243421.78125,201.42694091796875,6.91834831237793,1.856382966041565,187.08999633789062,20.05362892150879,,3.233304500579834,462769216.0
2018-05-01,0.4099999964237213,63.68000030517578,14.857834815979004,0.11999999731779099,0.23999999463558197,0.20000000298023224,3.859999895095825,9.350000381469727,,2.480205774307251,,0.029999999329447746,49.55495071411133,9.999999747378752e-05,0.27000001072883606,15.784106254577637,33.3626823425293,11.1899995803833,128.72756958007812,1.0499999523162842,252.4991455078125,3.3033030033111572,0.005249999929219484,81.53681182861328,40.099998474121094,,30.08576774597168,0.6800000071525574,178.53431701660156,182.92520141601562,17.249998092651367,284.6897888183594,78.31602478027344,9.417316436767578,77.42902374267578,39.630001068115234,52.065391540527344,18.0,17.75,52.19797134399414,43.20963668823242,,253.85000610351562,300220.1875,193.38980102539062,7.918362617492676,1.5872074365615845,201.4600067138672,25.591529846191406,7.239999771118164,3.1799638271331787,473947200.0
2018-06-01,1.2899999618530273,63.18000030517578,13.843892097473145,0.10999999940395355,0.20000000298023224,0.20000000298023224,3.819999933242798,9.25,,3.031362533569336,,0.029999999329447746,50.73957824707031,9.999999747378752e-05,0.2770000100135803,16.14133071899414,34.333003997802734,11.510000228881836,123.6543960571289,1.0499999523162842,237.15853881835938,3.003002882003784,0.005249999929219484,81.77620697021484,40.20000076293945,,31.030733108520508,0.7200000286102295,211.34010314941406,209.4133758544922,20.32499885559082,268.6676025390625,86.01581573486328,9.544445991516113,84.0867919921875,43.939998626708984,53.598331451416016,16.0,21.81999969482422,53.53005599975586,39.505958557128906,,299.70001220703125,205556.15625,189.74009704589844,7.566156387329102,1.6243351697921753,199.05999755859375,30.18470001220703,3.5,3.4193153381347656,549957632.0
2018-07-01,1.4700000286102295,67.93000030517578,15.059104919433594,0.05000000074505806,0.25999999046325684,0.20000000298023224,4.630000114440918,9.300000190734863,,2.854205369949341,,0.029999999329447746,51.94567108154297,9.999999747378752e-05,0.2750000059604645,19.730106353759766,36.501319885253906,12.920000076293945,141.11524963378906,1.0499999523162842,261.77899169921875,4.324324131011963,0.0035000001080334187,75.57000732421875,38.599998474121094,,32.06344985961914,0.7599999904632568,212.69593811035156,211.4602508544922,19.499998092651367,262.3721618652344,86.46671295166016,9.534666061401367,88.82134246826172,47.52000045776367,57.28926086425781,16.0,21.299999237060547,56.63825607299805,38.23612976074219,,274.95001220703125,94664.0234375,182.25006103515625,5.95606803894043,1.7171543836593628,219.4199981689453,31.660825729370117,2.200000047683716,3.0431909561157227,558899968.0
2018-08-01,0.41999998688697815,68.26000213623047,12.653703689575195,0.08900000154972076,0.25,0.20000000298023224,4.124499797821045,9.149999618530273,,2.6081531047821045,,0.029999999329447746,56.6785888671875,9.999999747378752e-05,0.3330000042915344,18.735795974731445,34.88880157470703,13.359999656677246,139.02780151367188,1.0499999523162842,258.8197326660156,3.903903007507324,0.003000000026077032,71.0765380859375,40.0,,31.97602081298828,0.8799999952316284,205.71917724609375,227.63653564453125,19.094999313354492,261.68115234375,91.98145294189453,9.583561897277832,86.5119857788086,51.369998931884766,51.70639419555664,15.0,29.31999969482422,60.78251266479492,46.44180679321289,,303.1499938964844,55446.0703125,181.11534118652344,8.824034690856934,1.856382966041565,237.25999450683594,31.850065231323242,4.440000057220459,3.365290403366089,605847616.0
2018-09-01,0.30000001192092896,68.43000030517578,11.877884864807129,0.05999999865889549,0.2800000011920929,0.20000000298023224,6.03000020980835,8.949999809265137,,2.8837316036224365,,0.029999999329447746,58.722007751464844,0.00019999999494757503,0.41100001335144043,19.03984260559082,36.46445083618164,14.779999732971191,145.3717803955078,0.16500000655651093,279.4583740234375,2.702702045440674,0.003000000026077032,72.80021667480469,41.5,,33.37504196166992,0.7919999957084656,214.83529663085938,209.5890350341797,9.749999046325684,278.2327880859375,89.93508911132812,9.544445991516113,87.06404113769531,54.029998779296875,54.896236419677734,16.0,31.43000030517578,58.55938720703125,48.99628829956055,,287.5,121710.890625,187.57003784179688,9.767449378967285,2.320478916168213,246.67999267578125,39.26770782470703,3.9000000953674316,3.122519016265869,628203584.0
2018-10-01,0.5099999904632568,61.720001220703125,11.156194686889648,0.08299999684095383,0.3100000023841858,0.20000000298023224,6.079899787902832,8.550000190734863,,2.775468349456787,,0.03500000014901161,55.4610710144043,9.999999747378752e-05,0.33799999952316284,21.506689071655273,37.798614501953125,12.529999732971191,127.75984954833984,0.16500000655651093,237.3651885986328,1.8018009662628174,0.003000000026077032,65.60130310058594,40.0,,35.99258041381836,0.7599999904632568,188.46803283691406,193.06410217285156,8.249999046325684,229.64712524414062,86.48058319091797,9.681354522705078,87.51570892333984,49.09000015258789,59.292503356933594,14.0,26.1200008392334,47.3317985534668,42.14176940917969,,307.2900085449219,52741.38671875,173.312255859375,8.603907585144043,2.5525269508361816,221.27999877929688,38.9267463684082,3.5899999141693115,3.2141566276550293,541015168.0
2018-11-01,0.699999988079071,43.470001220703125,10.490642547607422,0.6200000047683716,0.3100000023841858,0.20000000298023224,5.949999809265137,8.050000190734863,,2.962467908859253,,0.03508000075817108,55.880210876464844,9.999999747378752e-05,0.31200000643730164,22.3338680267334,40.10264205932617,13.300000190734863,123.3883056640625,0.16500000655651093,244.4586639404297,1.8918910026550293,0.0020000000949949026,62.741859436035156,35.400001525878906,,30.342456817626953,0.800000011920929,183.97129821777344,214.46621704101562,10.499999046325684,228.8860626220703,89.12349700927734,9.828039169311523,94.96053314208984,55.220001220703125,58.2557258605957,16.0,28.479999542236328,49.76312255859375,38.181114196777344,,274.5400085449219,70321.84375,170.9219207763672,7.660498142242432,2.5989363193511963,224.5800018310547,28.224254608154297,4.5,3.583442449569702,679622400.0
2018-12-01,0.4000000059604645,43.75,8.917962074279785,0.515999972820282,0.36000001430511475,0.20000000298023224,5.820000171661377,7.829999923706055,,2.5392582416534424,,0.014999999664723873,53.508277893066406,9.999999747378752e-05,0.23499999940395355,21.208908081054688,37.675777435302734,14.09000015258789,116.22406768798828,0.16500000655651093,213.05813598632812,1.951951026916504,0.0020000000949949026,52.64631652832031,25.600000381469727,,27.78480339050293,0.6000000238418579,182.39060974121094,163.14410400390625,19.48499870300293,215.69261169433594,81.10459899902344,9.788924217224121,86.71923828125,53.619998931884766,45.6378288269043,16.0,22.09000015258789,49.60935974121094,37.90336608886719,,240.83999633789062,116301.515625,140.4151153564453,8.088175773620605,2.6082184314727783,207.07000732421875,25.823266983032227,3.1500000953674316,3.2122225761413574,556664384.0
2019-01-01,0.5699999928474426,51.0099983215332,9.97251033782959,0.3499999940395355,0.3400000035762787,0.20000000298023224,6.289999961853027,8.399999618530273,,2.686889886856079,,0.016100000590085983,58.46022415161133,9.999999747378752e-05,0.27000001072883606,22.650245666503906,38.29643249511719,15.489999771118164,132.21835327148438,0.16500000655651093,235.71954345703125,7.807806968688965,0.0020000000949949026,66.24854278564453,39.79999923706055,,27.762300491333008,0.6959999799728394,189.34011840820312,145.68594360351562,17.999998092651367,242.68722534179688,82.97753143310547,9.92583179473877,88.438232421875,57.91999816894531,52.44659423828125,18.0,26.049999237060547,52.194313049316406,38.80072784423828,,249.16000366210938,33808.58203125,151.62596130371094,7.591312885284424,2.6917552947998047,224.22000122070312,33.5930061340332,3.640000104904175,3.569136142730713,500774400.0
2019-02-01,1.4700000286102295,53.83000183105469,10.515024185180664,0.4860000014305115,0.3700000047683716,0.20000000298023224,7.210000038146973,8.300000190734863,,2.7459421157836914,336.0,0.016100000590085983,70.95845031738281,9.999999747378752e-05,0.3799999952316284,20.92776107788086,36.076454162597656,17.190000534057617,142.36045837402344,0.20999999344348907,253.5793914794922,10.510510444641113,0.0020000000949949026,75.53202056884766,40.79999923706055,,29.483726501464844,0.6000000238418579,196.31689453125,161.263671875,11.84999942779541,256.4489440917969,81.90028381347656,10.004063606262207,91.50553894042969,58.779998779296875,59.43307876586914,17.0,27.290000915527344,57.344417572021484,40.559871673583984,,312.55999755859375,28669.67578125,148.3233642578125,7.893206596374512,2.506117343902588,236.0399932861328,38.791812896728516,4.820000171661377,3.52630615234375,538779584.0
2019-03-01,1.2300000190734863,54.40999984741211,8.03842544555664,0.6299999952316284,0.3700000047683716,0.20000000298023224,9.369999885559082,8.229999542236328,,2.89357328414917,235.67999267578125,0.016100000590085983,73.4333267211914,9.999999747378752e-05,0.75,23.274337768554688,37.61138916015625,15.630000114440918,138.44522094726562,0.20999999344348907,245.99853515625,17.417417526245117,0.03999999910593033,71.28094482421875,39.29999923706055,,32.76823806762695,0.6800000071525574,199.71669006347656,169.57119750976562,13.499999046325684,238.44207763671875,79.27837371826172,13.358311653137207,96.97340393066406,68.72000122070312,61.18943786621094,15.0,25.760000228881836,55.852439880371094,37.971195220947266,,294.7300109863281,42130.69140625,153.73333740234375,5.874305725097656,2.68247389793396,237.00999450683594,43.76634979248047,7.099999904632568,3.2978811264038086,382287616.0
2019-04-01,0.8009999990463257,63.5,9.053288459777832,0.460999995470047,0.4000000059604645,0.20000000298023224,15.300000190734863,7.360000133514404,,3.4152040481567383,235.67999267578125,0.019999999552965164,72.91456604003906,9.999999747378752e-05,0.8050000071525574,24.321849822998047,39.37718200683594,15.880000114440918,146.0648956298828,0.20999999344348907,273.1832580566406,15.0150146484375,0.009999999776482582,81.1854476928711,37.29999923706055,,30.99946403503418,1.0199999809265137,212.87307739257812,178.58432006835938,11.69999885559082,256.4049377441406,77.78117370605469,13.280077934265137,101.32552337646484,75.69999694824219,59.92258834838867,14.0,26.6200008392334,60.83342361450195,40.09821319580078,,310.010009765625,62415.83984375,185.5970916748047,6.195066452026367,2.506117343902588,248.50999450683594,40.61372375488281,6.760000228881836,3.3764026165008545,489596416.0
2019-05-01,0.9900000095367432,66.77999877929688,8.169341087341309,0.5899999737739563,0.38999998569488525,0.20000000298023224,9.729999542236328,8.199999809265137,,3.543151378631592,475.20001220703125,0.016100000590085983,65.03973388671875,9.999999747378752e-05,0.6299999952316284,23.58558464050293,39.433380126953125,22.049999237060547,162.8743133544922,0.20999999344348907,279.2496643066406,21.591590881347656,0.007000000216066837,55.715057373046875,36.099998474121094,,27.992521286010742,0.8799999952316284,201.56307983398438,167.86221313476562,11.09999942779541,269.3506774902344,71.49295806884766,12.233710289001465,101.2859878540039,76.47000122070312,53.39453125,14.0,32.0,62.35152816772461,35.79547882080078,,314.29998779296875,78539.9375,155.27743530273438,5.276810646057129,2.506117343902588,235.8000030517578,46.7480354309082,6.190000057220459,3.271470069885254,426999616.0
2019-06-01,0.38999998569488525,64.20999908447266,8.150486946105957,0.47999998927116394,0.3799999952316284,0.20000000298023224,13.050000190734863,8.0,,3.238046407699585,624.0,0.029999999329447746,68.34713745117188,9.999999747378752e-05,0.5099999904632568,24.17961311340332,41.18913269042969,22.889999389648438,164.56224060058594,0.20999999344348907,299.8713684082031,34.23423385620117,0.006300000008195639,61.35965347290039,39.5,,27.44236946105957,0.800000011920929,190.7300262451172,175.51519775390625,16.499998092651367,286.9906005859375,68.1333999633789,15.157672882080078,104.52245330810547,72.44000244140625,55.18442916870117,14.0,31.0,65.82768249511719,39.23028564453125,,377.760009765625,66056.765625,173.30880737304688,5.6667561531066895,2.320478916168213,273.8699951171875,46.55226516723633,6.21999979019165,3.272184133529663,467240384.0
2019-07-01,0.5099999904632568,70.22000122070312,8.389280319213867,0.3700000047683716,0.36000001430511475,0.20000000298023224,11.84000015258789,7.400000095367432,9.800000190734863,3.356151819229126,1560.0,0.029999999329447746,67.31074523925781,9.999999747378752e-05,0.6399999856948853,23.66301918029785,42.572357177734375,24.649999618530273,180.63304138183594,13.800000190734863,298.7412414550781,29.549549102783203,0.006300000008195639,46.25802993774414,41.599998474121094,,27.280099868774414,0.8399999737739563,197.6114044189453,193.8704376220703,14.249999046325684,306.9399108886719,67.1693344116211,15.314141273498535,101.87608337402344,78.66000366210938,58.75425720214844,14.0,30.56999969482422,68.70963287353516,40.684871673583984,,392.32000732421875,52013.19921875,173.20323181152344,6.06298828125,3.1094417572021484,291.2799987792969,35.28961944580078,4.820000171661377,3.354987621307373,355460416.0
2019-08-01,0.11100000143051147,59.970001220703125,7.645440578460693,0.3720000088214874,0.3700000047683716,0.20000000298023224,8.880000114440918,7.449999809265137,9.850000381469727,4.793095588684082,1224.0,0.029999999329447746,69.86306762695312,9.999999747378752e-05,0.5,22.93984031677246,44.52180099487305,19.969999313354492,183.9481201171875,13.800000190734863,318.6622619628906,41.74174118041992,0.004999999888241291,44.66459274291992,35.400001525878906,,25.35015106201172,0.7200000286102295,171.9186553955078,185.8174591064453,12.749999046325684,326.7469787597656,62.59741973876953,15.353256225585938,108.98613739013672,70.61000061035156,50.658931732177734,18.0,29.010000228881836,64.22769165039062,29.627300262451172,,438.4200134277344,40570.296875,180.52700805664062,3.7799336910247803,2.830984115600586,308.5899963378906,34.073055267333984,4.150000095367432,3.2693283557891846,438177600.0
2019-09-01,0.5910000205039978,56.779998779296875,9.068591117858887,0.5049999952316284,0.4300000071525574,0.03009999915957451,8.210000038146973,7.550000190734863,9.850000381469727,4.684833526611328,297.6000061035156,0.013100000098347664,73.02200317382812,9.999999747378752e-05,0.44999998807907104,22.97347640991211,44.35842514038086,18.600000381469727,182.1842803955078,6.0,323.5985107421875,42.04204177856445,0.004999999888241291,46.06471633911133,32.5,,24.160663604736328,0.8399999737739563,179.5426788330078,178.95974731445312,10.879499435424805,334.0904541015625,65.06596374511719,15.18701171875,110.03627014160156,57.869998931884766,54.238765716552734,20.0,26.31999969482422,66.83294677734375,30.16913604736328,,364.0799865722656,45355.51171875,183.11549377441406,3.6793031692504883,2.7845749855041504,321.989990234375,21.95589256286621,4.079999923706055,3.390679121017456,505245600.0
2019-10-01,0.3499999940395355,51.130001068115234,8.449551582336426,0.30000001192092896,0.5299999713897705,0.02500000037252903,7.340000152587891,7.099999904632568,10.079999923706055,5.019463539123535,398.3999938964844,0.014000000432133675,80.83378601074219,9.999999747378752e-05,0.44999998807907104,23.81257438659668,44.35029220581055,18.8799991607666,180.1497039794922,6.0,312.4984130859375,40.240238189697266,0.004000000189989805,39.76883316040039,23.0,,26.458585739135742,0.7599999904632568,181.8591766357422,184.1457977294922,10.499999046325684,314.2032165527344,62.87494659423828,15.206570625305176,110.09242248535156,63.65999984741211,58.1746826171875,18.0,26.420000076293945,60.73188781738281,33.05889129638672,,374.4599914550781,34536.76171875,168.14149475097656,4.452900409698486,2.7752928733825684,329.6000061035156,19.870750427246094,3.930000066757202,3.479193925857544,422528384.0
2019-11-01,0.3571999967098236,73.80000305175781,9.606940269470215,0.30000001192092896,0.5299999713897705,0.03799999877810478,7.199999809265137,6.900000095367432,10.050000190734863,5.354094982147217,360.0,0.019999999552965164,84.2309341430664,9.999999747378752e-05,0.36000001430511475,26.163387298583984,43.836036682128906,18.059999465942383,176.23699951171875,9.0,326.39013671875,26.156156539916992,0.004000000189989805,42.39385223388672,21.700000762939453,,29.359041213989258,1.0,191.98367309570312,192.30819702148438,10.799999237060547,314.7476501464844,64.98562622070312,15.969345092773438,109.01696014404297,73.91999816894531,59.23904037475586,18.0,29.280000686645508,62.60301208496094,32.98973083496094,,384.32000732421875,28607.259765625,165.00982666015625,5.496942520141602,2.6453466415405273,341.989990234375,26.288042068481445,4.570000171661377,3.417804479598999,230266800.0
2019-12-01,0.337799996137619,73.27999877929688,9.68457317352295,0.30000001192092896,0.7099999785423279,0.009999999776482582,8.369999885559082,7.400000095367432,10.699999809265137,5.1080427169799805,408.0,0.05999999865889549,84.61209869384766,9.999999747378752e-05,0.28999999165534973,24.480607986450195,45.43678665161133,18.010000228881836,173.41494750976562,9.0,325.01300048828125,9.0,0.0024999999441206455,45.02372360229492,28.700000762939453,,29.971477508544922,1.0800000429153442,200.43890380859375,191.42913818359375,5.999999046325684,307.7685852050781,64.55471801757812,16.468080520629883,110.45944213867188,74.68000030517578,61.62079620361328,20.0,31.709999084472656,67.28077697753906,34.0616340637207,,377.8500061035156,28087.12890625,168.28236389160156,5.836570739746094,3.0444681644439697,346.5400085449219,27.27672004699707,6.389999866485596,3.6700057983398438,245916000.0
2020-01-01,0.38989999890327454,76.80999755859375,8.72711181640625,0.28999999165534973,0.6800000071525574,0.11999999731779099,6.289999961853027,7.25,14.529999732971191,5.757620811462402,460.79998779296875,0.05640000104904175,84.08305358886719,9.999999747378752e-05,0.29499998688697815,24.2510986328125,47.94053649902344,18.34000015258789,193.9754638671875,9.0,357.3489990234375,8.000100135803223,0.0024999999441206455,31.651357650756836,28.399999618530273,124250.0,28.54226303100586,0.8799999952316284,201.8015594482422,187.1827850341797,6.374999046325684,335.1480407714844,62.94797897338867,14.713444709777832,114.78340148925781,80.79000091552734,59.88999557495117,25.0,34.459999084472656,64.78889465332031,35.86501693725586,,356.3800048828125,13731.484375,166.9964141845703,5.924621105194092,3.573537826538086,365.05999755859375,21.783220291137695,6.670000076293945,3.3997015953063965,207240128.0
2020-02-01,0.4499000012874603,77.37000274658203,6.88335657119751,0.1550000011920929,0.6499999761581421,0.016100000590085983,6.400000095367432,7.190000057220459,16.020000457763672,4.881674766540527,484.79998779296875,0.043779999017715454,76.65912628173828,9.999999747378752e-05,0.27000001072883606,23.698591232299805,43.90992736816406,16.260000228881836,173.29229736328125,9.0,310.666748046875,7.0,0.0031500000040978193,26.726160049438477,26.5,123125.0,24.24260902404785,0.800000011920929,182.4723663330078,169.7024688720703,8.249999046325684,295.30401611328125,61.68148422241211,11.978567123413086,106.70928955078125,67.48999786376953,59.28893280029297,20.0,27.209999084472656,50.03696060180664,34.793128967285156,,370.7900085449219,10402.640625,153.4519805908203,6.264249801635742,3.38789963722229,337.32000732421875,24.940065383911133,5.880000114440918,3.32951283454895,165434400.0
2020-03-01,0.5299999713897705,70.7699966430664,3.9732139110565186,0.10000000149011612,0.4300000071525574,0.07000000029802322,5.610000133514404,5.849999904632568,12.34000015258789,3.444730520248413,369.6000061035156,0.0210999995470047,65.52396392822266,9.999999747378752e-05,0.22699999809265137,20.630020141601562,36.643375396728516,13.84000015258789,158.5742950439453,27.0,284.6959533691406,4.000100135803223,0.004999999888241291,25.096067428588867,12.5,121875.0,23.860448837280273,0.7799999713897705,144.03884887695312,119.37330627441406,4.94999885559082,271.69512939453125,55.5823974609375,3.979785919189453,97.72266387939453,48.70000076293945,53.78370666503906,14.0,11.020000457763672,21.229999542236328,37.03135299682617,,367.55999755859375,11963.0361328125,127.6185073852539,5.2202067375183105,2.6453466415405273,297.2699890136719,20.20128631591797,4.260000228881836,3.2570834159851074,167670000.0
2020-04-01,0.5299999713897705,72.70999908447266,5.034964561462402,0.12999999523162842,0.5099999904632568,0.05999999865889549,6.099999904632568,5.900000095367432,19.459999084472656,4.1730451583862305,230.39999389648438,0.03999999910593033,70.94352722167969,9.999999747378752e-05,0.1889999955892563,22.635061264038086,38.00144577026367,15.020000457763672,170.52984619140625,18.0,326.7851257324219,4.000100135803223,0.0027000000700354576,35.212886810302734,9.699999809265137,122375.0,24.218324661254883,0.5799999833106995,163.64781188964844,138.19537353515625,5.249999046325684,296.94744873046875,63.82438659667969,6.381380558013916,107.64138793945312,60.33000183105469,54.99265670776367,16.0,14.6899995803833,23.969999313354492,38.697078704833984,9.789999961853027,466.510009765625,8322.111328125,146.60641479492188,5.95606803894043,2.7845749855041504,325.6700134277344,22.297012329101562,4.849999904632568,3.3810346126556396,210146400.0
2020-05-01,0.7049999833106995,75.95999908447266,5.629276752471924,0.14800000190734863,0.5,0.032999999821186066,5.599999904632568,5.5,39.70000076293945,4.921043395996094,288.0,0.03999999910593033,78.8193130493164,7.999999797903001e-05,0.17900000512599945,23.88401222229004,38.65565490722656,18.549999237060547,175.59207153320312,11.699999809265137,328.2414855957031,4.000100135803223,0.0026000000070780516,35.12481689453125,15.399999618530273,122125.0,24.09492301940918,0.6119999885559082,162.98870849609375,160.2823486328125,5.69999885559082,302.2944030761719,70.63777160644531,6.410788059234619,107.03926086425781,64.62999725341797,54.078582763671875,19.0,18.059999465942383,18.34000015258789,45.61983871459961,9.75,564.72998046875,10506.666015625,154.4538116455078,7.434078693389893,2.506117343902588,374.1199951171875,22.95730972290039,6.449999809265137,3.5542681217193604,185107680.0
2020-06-01,0.75,98.12999725341797,5.943127155303955,0.14000000059604645,0.47999998927116394,0.0430000014603138,5.150000095367432,5.400000095367432,33.2599983215332,6.4367241859436035,249.60000610351562,0.05999999865889549,85.79912567138672,9.999999747378752e-05,0.20000000298023224,24.294626235961914,37.335594177246094,15.630000114440918,150.0136260986328,12.0,308.3665466308594,2.73009991645813,0.0026000000070780516,34.37567901611328,16.0,124375.0,24.747411727905273,0.4359999895095825,140.3118438720703,147.20632934570312,6.974998950958252,277.25946044921875,68.5969009399414,4.6757588386535645,108.45226287841797,60.56999969482422,52.46882247924805,21.0,14.8100004196167,19.020000457763672,55.616119384765625,10.029999732971191,536.6500244140625,19765.015625,156.46607971191406,13.534804344177246,2.6917552947998047,310.95001220703125,23.885080337524414,10.479999542236328,3.711073875427246,170799840.0
2020-07-01,0.949999988079071,83.12999725341797,6.584183692932129,0.07999999821186066,0.5099999904632568,0.03200000151991844,5.769999980926514,5.650000095367432,33.375,6.220199108123779,427.20001220703125,0.03999999910593033,86.75831604003906,4.999999873689376e-05,0.17800000309944153,26.306987762451172,39.47478485107422,18.010000228881836,148.82887268066406,14.699999809265137,320.2391662597656,2.73009991645813,0.007000000216066837,33.96365737915039,22.799999237060547,125125.0,25.94537353515625,0.3919999897480011,146.8073272705078,155.19094848632812,5.564999103546143,293.10467529296875,67.02699279785156,5.450150012969971,112.8802490234375,52.20000076293945,57.52399444580078,19.0,14.470000267028809,14.460000038146973,59.54582977294922,10.585000038146973,810.4400024414062,6241.583984375,159.37271118164062,15.025391578674316,3.2950799465179443,306.70001220703125,31.527162551879883,9.800000190734863,4.480169773101807,177059520.0
2020-08-01,1.0,85.68000030517578,7.432247161865234,0.06700000166893005,0.49000000953674316,0.0430000014603138,6.730000019073486,5.25,35.36000061035156,7.027250289916992,2400.0,0.060100000351667404,91.17586517333984,9.999999747378752e-05,0.16500000655651093,25.653406143188477,41.38835906982422,19.549999237060547,159.80113220214844,15.300000190734863,331.7923278808594,3.200000047683716,0.029999999329447746,33.396888732910156,25.0,124125.0,27.578392028808594,0.36000001430511475,156.65562438964844,175.9121551513672,5.099998950958252,310.2660217285156,70.59066772460938,6.793082237243652,114.8482437133789,60.790000915527344,59.755741119384766,30.0,20.399999618530273,21.43000030517578,55.28049850463867,11.359999656677246,881.97998046875,6231.181640625,165.71066284179688,14.941277503967285,2.6917552947998047,313.6099853515625,27.710906982421875,8.699999809265137,3.9089481830596924,131900400.0
2020-09-01,1.090000033378601,90.69999694824219,7.432247161865234,0.05700000002980232,0.5,0.03449999913573265,5.53000020980835,4.949999809265137,58.84000015258789,5.836357593536377,1368.0,0.05000000074505806,83.9880142211914,9.999999747378752e-05,0.16699999570846558,23.735633850097656,41.58860778808594,19.280000686645508,150.86959838867188,15.300000190734863,325.858154296875,2.200000047683716,0.014999999664723873,37.33312225341797,20.799999237060547,126000.0,24.853137969970703,0.41999998688697815,143.74107360839844,172.92196655273438,3.224998950958252,285.70623779296875,64.25611114501953,6.371578693389893,114.46827697753906,61.619998931884766,57.04993438720703,36.0,19.719999313354492,20.829999923706055,47.713165283203125,12.760000228881836,883.3599853515625,5097.29345703125,170.2289276123047,12.737892150878906,2.320478916168213,310.2099914550781,26.794925689697266,6.769999980926514,3.897747039794922,143301952.0
2020-10-01,0.949999988079071,98.9000015258789,5.482367515563965,0.1589999943971634,0.4699999988079071,0.05900000035762787,5.519999980926514,4.829999923706055,35.400001525878906,6.2694091796875,768.0,0.019999999552965164,92.09817504882812,9.999999747378752e-05,0.15399999916553497,23.26005744934082,40.485076904296875,18.889999389648438,143.11463928222656,6.0,297.674560546875,1.25,0.004999999888241291,39.47503662109375,20.5,126250.0,23.206554412841797,0.36399999260902405,135.29696655273438,187.52542114257812,3.4499990940093994,262.459716796875,65.22159576416016,6.087307929992676,110.08280944824219,59.27000045776367,54.02969741821289,37.0,22.020000457763672,20.0,52.159942626953125,11.140000343322754,1039.1800537109375,8842.244140625,148.41920471191406,13.616083145141602,2.7845749855041504,309.1499938964844,35.98588562011719,5.170000076293945,3.9201486110687256,162528128.0
2020-11-01,0.7524999976158142,125.69000244140625,8.407186508178711,0.14800000190734863,0.4699999988079071,0.030400000512599945,5.590000152587891,5.099999904632568,52.36000061035156,7.352038383483887,528.0,0.029999999329447746,103.37804412841797,9.999999747378752e-05,0.16200000047683716,26.329692840576172,43.807945251464844,21.170000076293945,171.28701782226562,6.0,312.4871520996094,1.0099999904632568,0.004999999888241291,41.0847053527832,22.399999618530273,166750.0,25.61854362487793,0.3720000088214874,161.81378173828125,222.92283630371094,4.19999885559082,275.0022277832031,66.7601089477539,8.665348052978516,119.11803436279297,72.94999694824219,57.62813949584961,38.0,27.899999618530273,29.969999313354492,48.176517486572266,15.989999771118164,930.8400268554688,10402.640625,185.66748046875,12.934867858886719,2.673192262649536,377.94000244140625,37.4744873046875,5.75,4.181491374969482,355460416.0
2020-12-01,0.8299999833106995,122.52999877929688,11.311976432800293,0.10000000149011612,0.5400000214576721,0.027950000017881393,6.289999961853027,5.349999904632568,46.560001373291016,9.596034049987793,561.5999755859375,0.019999999552965164,106.49182891845703,9.999999747378752e-05,0.23100000619888306,27.669954299926758,46.558685302734375,27.43000030517578,168.6372833251953,15.300000190734863,303.9087219238281,3.5,0.009999999776482582,44.33492660522461,22.399999618530273,224500.0,26.910934448242188,0.328000009059906,175.85548400878906,225.4442901611328,3.7499990463256836,277.2404479980469,69.41323852539062,9.939663887023926,123.35195922851562,77.62999725341797,63.89487075805664,43.0,31.59000015258789,36.16999816894531,51.18951416015625,21.649999618530273,994.2899780273438,13211.353515625,197.58285522460938,14.610542297363281,2.5525269508361816,391.9800109863281,42.845218658447266,4.829999923706055,4.169363498687744,491832000.0
2021-01-01,0.7699999809265137,164.16000366210938,10.757726669311523,0.10499999672174454,0.5199999809265137,0.05843000113964081,6.130000114440918,6.0,54.11000061035156,9.999561309814453,672.0,0.017000000923871994,102.22003936767578,0.0007999999797903001,0.4000000059604645,27.62749671936035,40.8789176940918,26.540000915527344,153.0154571533203,6.150000095367432,275.51947021484375,1.0,0.009999999776482582,54.5472297668457,21.399999618530273,261250.0,26.963449478149414,0.4320000112056732,154.64010620117188,214.9381561279297,5.999999046325684,260.7635498046875,70.18250274658203,9.302504539489746,113.59523010253906,72.0,61.47149658203125,42.0,28.56999969482422,34.5,49.84429168701172,18.170000076293945,916.8900146484375,15603.9599609375,190.25860595703125,13.631016731262207,2.5525269508361816,357.010009765625,45.2874755859375,5.559999942779541,4.24714994430542,558899968.0
2021-02-01,0.9365500211715698,165.49000549316406,12.213462829589844,0.30000001192092896,0.6299999952316284,0.05700000002980232,7.5,6.610000133514404,61.529998779296875,12.597869873046875,945.5999755859375,0.019999999552965164,110.37201690673828,0.0017500000540167093,0.6399999856948853,26.51544952392578,41.59208297729492,27.5,162.29397583007812,36.0,284.9045104980469,3.0,0.04600000008940697,60.180938720703125,24.200000762939453,206500.0,28.617481231689453,0.9599999785423279,183.7360382080078,249.86691284179688,4.079998970031738,266.63885498046875,85.01721954345703,10.69444751739502,107.45677185058594,86.08999633789062,64.84414672851562,45.0,49.65999984741211,41.84000015258789,53.6518440246582,15.529999732971191,1028.7099609375,15291.880859375,193.79173278808594,14.166048049926758,2.8959572315216064,371.0,47.30665969848633,5.260000228881836,4.099355220794678,748926016.0
2021-03-01,0.949999988079071,142.4199981689453,10.717660903930664,0.25,0.6600000262260437,0.05900000035762787,8.880000114440918,6.650000095367432,61.33000183105469,11.820345878601074,672.0,0.029999999329447746,117.90348052978516,0.0012000000569969416,0.49900001287460327,29.989145278930664,45.122806549072266,27.280000686645508,181.79518127441406,51.0,318.7652893066406,3.0,0.019999999552965164,55.82564163208008,22.5,165375.0,34.161231994628906,0.6399999856948853,171.42327880859375,235.7079315185547,4.499999046325684,295.8754577636719,84.80120086669922,10.439586639404297,118.59375762939453,77.30000305175781,69.4065933227539,44.0,49.66999816894531,41.75,52.499794006347656,16.34000015258789,1206.280029296875,14979.8017578125,206.33468627929688,14.402322769165039,2.5803725719451904,413.6499938964844,50.21541976928711,5.559999942779541,3.982675313949585,735512384.0
2021-04-01,1.0,151.61000061035156,11.49894905090332,0.17299999296665192,0.6000000238418579,0.0625,8.0,8.0,56.65999984741211,12.981712341308594,607.2000122070312,0.06499999761581421,122.72335052490234,0.002400000113993883,0.6499999761581421,31.280502319335938,46.209999084472656,26.739999771118164,187.67022705078125,48.599998474121094,328.306640625,1.7100000381469727,0.0537399984896183,56.72222900390625,23.200000762939453,161000.0,31.884265899658203,0.6000000238418579,176.56234741210938,262.78125,4.97999906539917,324.0329895019531,85.47415924072266,10.444486618041992,120.86587524414062,83.98999786376953,74.30276489257812,40.0,54.7599983215332,41.65999984741211,51.60189437866211,13.390000343322754,1216.489990234375,14459.669921875,217.48399353027344,14.361051559448242,2.1626861095428467,447.75,46.990928649902344,5.880000114440918,4.317157745361328,1046260800.0
2021-05-01,1.2599999904632568,140.58999633789062,16.200031280517578,0.1889999955892563,0.5699999928474426,0.054999999701976776,8.569999694824219,8.899999618530273,49.95000076293945,11.613662719726562,868.7999877929688,0.019999999552965164,127.19450378417969,0.0013000000035390258,0.5199999809265137,32.249019622802734,47.33143615722656,25.010000228881836,196.50599670410156,78.0,331.949462890625,1.649999976158142,0.019999999552965164,65.8931884765625,22.200000762939453,131250.0,32.86582946777344,0.6800000071525574,176.75338745117188,264.1712951660156,4.499999046325684,335.9060363769531,84.26117706298828,10.988520622253418,124.03506469726562,78.7699966430664,75.42122650146484,50.0,54.43000030517578,44.13999938964844,63.45627212524414,12.40999984741211,1058.1600341796875,13315.37890625,217.62924194335938,17.546892166137695,3.202261447906494,419.4700012207031,41.16759490966797,8.960000038146973,3.9888980388641357,1006019968.0
2021-06-01,1.5,176.8000030517578,15.9996976852417,0.125,0.5799999833106995,0.051500000059604645,8.649999618530273,9.140000343322754,52.16999816894531,11.987661361694336,580.7999877929688,0.021700000390410423,129.94200134277344,0.0010999999940395355,0.5,30.913166046142578,46.670318603515625,28.489999771118164,194.78475952148438,60.0,328.6056213378906,1.0,0.03799999877810478,63.954856872558594,19.399999618530273,174625.0,32.39744186401367,0.671999990940094,164.8418426513672,255.79881286621094,4.844998836517334,333.6658630371094,84.45226287841797,9.498551368713379,125.135498046875,75.25,78.4583740234375,85.0,49.939998626708984,49.849998474121094,72.33085632324219,12.260000228881836,1020.7999877929688,7455.22509765625,212.3365478515625,28.71198272705078,3.4807186126708984,418.8299865722656,44.10989761352539,7.849999904632568,3.928224563598633,1035082816.0
2021-07-01,1.25,186.02000427246094,12.52063274383545,0.11800000071525574,0.5799999833106995,0.04774999991059303,9.010000228881836,8.699999809265137,48.5,12.824237823486328,470.3999938964844,0.02500000037252903,141.22572326660156,0.0007999999797903001,1.190000057220459,30.88684844970703,49.188838958740234,27.200000762939453,204.32803344726562,44.99700164794922,322.80389404296875,1.25,0.019999999552965164,56.40018081665039,19.799999237060547,125000.0,32.64205551147461,0.671999990940094,155.45205688476562,246.65045166015625,4.799999237060547,333.2893981933594,80.15694427490234,9.684798240661621,132.55055236816406,75.2300033569336,79.2341537475586,80.0,47.40999984741211,45.849998474121094,59.774627685546875,9.850000381469727,710.0,6068.20654296875,203.66661071777344,19.403343200683594,3.202261447906494,452.7699890136719,51.09695053100586,6.920000076293945,4.130469799041748,717627584.0
2021-08-01,0.8899999856948853,181.8699951171875,14.35031509399414,0.0860000029206276,0.6100000143051147,0.054999999701976776,9.109999656677246,8.989999771118164,59.290000915527344,11.229819297790527,387.20001220703125,0.05000000074505806,156.704833984375,0.000699999975040555,1.2999999523162842,31.29037094116211,48.567840576171875,24.719999313354492,209.978271484375,60.0,314.7547912597656,0.8699899911880493,0.019999999552965164,61.861488342285156,20.299999237060547,128875.0,34.13010787963867,0.5320000052452087,172.6841583251953,246.36756896972656,3.85499906539917,339.03741455078125,69.40621948242188,10.292550086975098,132.07760620117188,81.30000305175781,81.53780364990234,64.0,49.189998626708984,43.189998626708984,63.62073516845703,14.880000114440918,570.2100219726562,6414.96142578125,192.35110473632812,19.96599578857422,3.2486703395843506,463.3800048828125,47.95518112182617,7.46999979019165,5.499514579772949,798109184.0
2021-09-01,0.7200000286102295,175.02000427246094,17.57562828063965,0.10000000149011612,0.6399999856948853,0.07699999958276749,8.960000038146973,8.59000015258789,48.15999984741211,10.471980094909668,320.0,0.1160999983549118,140.21107482910156,0.0005000000237487257,0.9900000095367432,30.129289627075195,45.597354888916016,22.309999465942383,199.34429931640625,60.0,301.895263671875,0.3400000035762787,0.05999999865889549,61.67202377319336,18.799999237060547,132500.0,31.495798110961914,0.5640000104904175,177.6226348876953,269.96575927734375,5.939999103546143,332.075927734375,68.19322967529297,9.77302074432373,127.89795684814453,78.55000305175781,75.96483612060547,63.0,55.31999969482422,45.40999984741211,60.03246307373047,19.209999084472656,509.75,6432.29931640625,191.941162109375,17.2426700592041,3.165133237838745,429.5799865722656,46.070491790771484,5.989999771118164,5.405393123626709,661737600.0
2021-10-01,0.21610000729560852,179.9600067138672,19.69244956970215,0.09799999743700027,0.6800000071525574,0.05999999865889549,8.4399995803833,8.920000076293945,46.59000015258789,10.068453788757324,281.6000061035156,0.12999999523162842,129.51443481445312,0.0005000000237487257,0.8799999952316284,31.831560134887695,48.98652648925781,21.389999389648438,208.6670379638672,58.79999923706055,290.7153015136719,0.3400000035762787,0.04309999942779541,60.82888412475586,17.0,134875.0,30.520198822021484,0.5,181.02320861816406,279.2850341796875,4.57499885559082,329.3743896484375,69.08219909667969,10.586624145507812,137.4131317138672,79.55000305175781,75.76449584960938,65.0,63.5,44.369998931884766,64.18218231201172,20.1299991607666,492.4800109863281,6727.04052734375,197.51654052734375,17.8572940826416,3.2672338485717773,449.2200012207031,36.82744598388672,5.699999809265137,5.3672776222229,612554368.0
2021-11-01,0.11999999731779099,168.7899932861328,18.174909591674805,0.061000000685453415,0.7200000286102295,0.06199999898672104,7.675000190734863,8.449999809265137,34.54999923706055,9.251561164855957,299.20001220703125,0.33000001311302185,120.4411849975586,0.00044999999227002263,0.9449999928474426,29.979360580444336,45.933441162109375,19.709999084472656,190.11984252929688,60.0,294.0024108886719,0.3400000035762787,0.035999998450279236,73.98902130126953,16.5,86125.0,29.50309181213379,0.5,164.55526733398438,268.7523498535156,4.499999046325684,323.0140686035156,67.94397735595703,9.243690490722656,135.8655548095703,81.69000244140625,68.87242889404297,68.0,58.9900016784668,42.310001373291016,58.96858215332031,17.84000015258789,451.1700134277344,6518.98779296875,205.98770141601562,18.895505905151367,3.2672338485717773,415.2900085449219,36.66342544555664,4.5,5.445063591003418,561135616.0
2021-12-01,0.13255000114440918,157.0,19.446212768554688,0.03999999910593033,0.7799999713897705,0.03500000014901161,8.0,8.25,27.469999313354492,9.271245002746582,186.8800048828125,0.6100000143051147,123.42718505859375,0.0003000000142492354,0.7300000190734863,32.51070785522461,51.853553771972656,19.399999618530273,193.90260314941406,36.0,313.48681640625,1.5099999904632568,0.029999999329447746,80.64025115966797,16.899999618530273,52250.0,33.4193000793457,0.3959999978542328,165.9498748779297,266.3710632324219,3.5624990463256836,358.4549560546875,68.15168762207031,9.822032928466797,148.708740234375,90.58000183105469,77.169921875,63.0,64.86000061035156,42.790000915527344,55.94981384277344,16.5,505.1000061035156,5600.087890625,229.42681884765625,14.8503999710083,3.0630316734313965,436.8900146484375,36.507835388183594,3.930000066757202,5.609681129455566,690800384.0
